Well,Date,Oil_Calday,Oil_Cum
01-02,12/1/1987,432,13.38
01-02,1/1/1988,518,29.44
01-02,2/1/1988,452,42.56
01-02,3/1/1988,446,56.39
01-02,4/1/1988,450,69.87
01-02,5/1/1988,456,84.00
01-02,6/1/1988,445,97.33
01-02,7/1/1988,401,109.76
01-02,8/1/1988,415,122.63
01-02,9/1/1988,324,132.33
01-02,10/1/1988,403,144.82
01-02,11/1/1988,387,156.44
01-02,12/1/1988,375,168.06
01-02,1/1/1989,339,178.55
01-02,2/1/1989,368,188.85
01-02,3/1/1989,369,200.28
01-02,4/1/1989,371,211.40
01-02,5/1/1989,354,222.37
01-02,6/1/1989,357,233.08
01-02,7/1/1989,248,240.77
01-02,8/1/1989,336,251.20
01-02,9/1/1989,301,260.23
01-02,10/1/1989,326,270.33
01-02,11/1/1989,328,280.18
01-02,12/1/1989,358,291.27
01-02,1/1/1990,329,301.49
01-02,2/1/1990,316,310.34
01-02,3/1/1990,323,320.34
01-02,4/1/1990,327,330.14
01-02,5/1/1990,316,339.95
01-02,6/1/1990,333,349.94
01-02,7/1/1990,328,360.10
01-02,8/1/1990,326,370.22
01-02,9/1/1990,323,379.90
01-02,10/1/1990,269,388.23
01-02,11/1/1990,299,397.21
01-02,12/1/1990,343,407.83
01-02,1/1/1991,352,418.73
01-02,2/1/1991,335,428.10
01-02,3/1/1991,288,437.02
01-02,4/1/1991,339,447.18
01-02,5/1/1991,374,458.79
01-02,6/1/1991,387,470.40
01-02,7/1/1991,365,481.72
01-02,8/1/1991,364,493.00
01-02,9/1/1991,362,503.86
01-02,10/1/1991,366,515.21
01-02,11/1/1991,361,526.05
01-02,12/1/1991,364,537.32
01-02,1/1/1992,361,548.52
01-02,2/1/1992,354,558.80
01-02,3/1/1992,343,569.43
01-02,4/1/1992,310,578.74
01-02,5/1/1992,298,587.99
01-02,6/1/1992,246,595.36
01-02,7/1/1992,325,605.44
01-02,8/1/1992,339,615.95
01-02,9/1/1992,326,625.74
01-02,10/1/1992,333,636.07
01-02,11/1/1992,324,645.78
01-02,12/1/1992,290,654.77
01-02,1/1/1993,301,664.09
01-02,2/1/1993,306,672.64
01-02,3/1/1993,272,681.08
01-02,4/1/1993,284,689.60
01-02,5/1/1993,312,699.26
01-02,6/1/1993,322,708.91
01-02,7/1/1993,309,718.48
01-02,8/1/1993,286,727.35
01-02,9/1/1993,295,736.21
01-02,10/1/1993,278,744.84
01-02,11/1/1993,292,753.61
01-02,12/1/1993,283,762.39
01-02,1/1/1994,283,771.17
01-02,2/1/1994,313,779.94
01-02,3/1/1994,283,788.72
01-10,11/1/1984,150,4.51
01-10,12/1/1984,192,10.45
01-10,1/1/1985,172,15.79
01-10,2/1/1985,188,21.05
01-10,3/1/1985,167,26.22
01-10,4/1/1985,144,30.54
01-10,5/1/1985,129,34.53
01-10,6/1/1985,133,38.53
01-10,7/1/1985,101,41.66
01-10,8/1/1985,103,44.85
01-10,9/1/1985,106,48.04
01-10,10/1/1985,145,52.53
01-10,11/1/1985,177,57.83
01-10,12/1/1985,174,63.22
01-10,1/1/1986,145,67.72
01-10,2/1/1986,137,71.56
01-10,3/1/1986,117,75.18
01-10,4/1/1986,128,79.02
01-10,5/1/1986,117,82.65
01-10,6/1/1986,141,86.90
01-10,7/1/1986,132,91.00
01-10,8/1/1986,134,95.14
01-10,9/1/1986,129,99.02
01-10,10/1/1986,127,102.97
01-10,11/1/1986,126,106.74
01-10,12/1/1986,126,110.65
01-10,1/1/1987,123,114.47
01-10,2/1/1987,136,118.29
01-10,3/1/1987,116,121.88
01-10,4/1/1987,120,125.48
01-10,5/1/1987,115,129.05
01-10,6/1/1987,112,132.41
01-10,7/1/1987,117,136.03
01-10,8/1/1987,118,139.68
01-10,9/1/1987,115,143.13
01-10,10/1/1987,111,146.58
01-10,11/1/1987,108,149.82
01-10,12/1/1987,106,153.11
01-10,1/1/1988,103,156.29
01-10,2/1/1988,99,159.16
01-10,3/1/1988,99,162.22
01-10,4/1/1988,100,165.22
01-10,5/1/1988,97,168.22
01-10,6/1/1988,95,171.06
01-10,7/1/1988,97,174.06
01-10,8/1/1988,118,177.71
01-10,9/1/1988,90,180.40
01-10,10/1/1988,115,183.98
01-10,11/1/1988,100,186.96
01-10,12/1/1988,97,189.99
01-10,1/1/1989,95,192.93
01-10,2/1/1989,105,195.88
01-10,3/1/1989,97,198.89
01-10,4/1/1989,106,202.08
01-10,5/1/1989,94,204.99
01-10,6/1/1989,94,207.81
01-10,7/1/1989,99,210.88
01-10,8/1/1989,95,213.81
01-10,9/1/1989,93,216.62
01-10,10/1/1989,93,219.50
01-10,11/1/1989,99,222.47
01-10,12/1/1989,93,225.35
01-10,1/1/1990,90,228.14
01-10,2/1/1990,92,230.72
01-10,3/1/1990,75,233.05
01-10,4/1/1990,114,236.48
01-10,5/1/1990,113,239.99
01-10,6/1/1990,102,243.06
01-10,7/1/1990,101,246.20
01-10,8/1/1990,97,249.19
01-10,9/1/1990,99,252.17
01-10,10/1/1990,85,254.80
01-10,11/1/1990,100,257.79
01-10,12/1/1990,88,260.53
01-10,1/1/1991,91,263.35
01-10,2/1/1991,82,265.64
01-10,3/1/1991,84,268.25
01-10,4/1/1991,84,270.75
01-10,5/1/1991,83,273.32
01-10,6/1/1991,85,275.88
01-10,7/1/1991,71,278.07
01-10,8/1/1991,71,280.26
01-10,9/1/1991,91,282.98
01-10,10/1/1991,85,285.61
01-10,11/1/1991,83,288.10
01-10,12/1/1991,82,290.65
01-10,1/1/1992,81,293.15
01-10,2/1/1992,79,295.44
01-10,3/1/1992,76,297.80
01-10,4/1/1992,73,299.97
01-10,5/1/1992,68,302.09
01-10,6/1/1992,53,303.68
01-10,7/1/1992,63,305.64
01-10,8/1/1992,61,307.54
01-10,9/1/1992,59,309.31
01-10,10/1/1992,57,311.08
01-10,11/1/1992,62,312.93
01-10,12/1/1992,62,314.85
01-10,1/1/1993,59,316.67
01-10,2/1/1993,57,318.26
01-10,3/1/1993,53,319.91
01-10,4/1/1993,49,321.37
01-10,5/1/1993,49,322.88
01-10,6/1/1993,50,324.39
01-10,7/1/1993,44,325.74
01-10,8/1/1993,40,326.97
01-10,9/1/1993,39,328.14
01-10,10/1/1993,37,329.28
01-10,11/1/1993,38,330.43
01-10,12/1/1993,35,331.50
01-10,1/1/1994,33,332.51
01-10,2/1/1994,33,333.42
01-10,3/1/1994,27,334.27
02-10,4/1/1987,153,4.58
02-10,5/1/1987,391,16.71
02-10,6/1/1987,360,27.52
02-10,7/1/1987,318,37.38
02-10,8/1/1987,306,46.87
02-10,9/1/1987,285,55.41
02-10,10/1/1987,267,63.68
02-10,11/1/1987,276,71.95
02-10,12/1/1987,267,80.22
02-10,1/1/1988,272,88.66
02-10,2/1/1988,226,95.21
02-10,3/1/1988,240,102.64
02-10,4/1/1988,253,110.23
02-10,5/1/1988,274,118.71
02-10,6/1/1988,283,127.19
02-10,7/1/1988,284,136.00
02-10,8/1/1988,259,144.03
02-10,9/1/1988,268,152.07
02-10,10/1/1988,275,160.60
02-10,11/1/1988,240,167.78
02-10,12/1/1988,235,175.07
02-10,1/1/1989,228,182.13
02-10,2/1/1989,238,188.79
02-10,3/1/1989,248,196.47
02-10,4/1/1989,231,203.41
02-10,5/1/1989,211,209.95
02-10,6/1/1989,213,216.33
02-10,7/1/1989,231,223.49
02-10,8/1/1989,210,230.01
02-10,9/1/1989,200,236.02
02-10,10/1/1989,216,242.71
02-10,11/1/1989,209,248.98
02-10,12/1/1989,216,255.69
02-10,1/1/1990,203,262.00
02-10,2/1/1990,222,268.22
02-10,3/1/1990,223,275.13
02-10,4/1/1990,168,280.17
02-10,5/1/1990,207,286.58
02-10,6/1/1990,201,292.62
02-10,7/1/1990,200,298.82
02-10,8/1/1990,180,304.39
02-10,9/1/1990,209,310.66
02-10,10/1/1990,236,317.98
02-10,11/1/1990,244,325.31
02-10,12/1/1990,201,331.55
02-10,1/1/1991,197,337.65
02-10,2/1/1991,184,342.80
02-10,3/1/1991,166,347.96
02-10,4/1/1991,197,353.87
02-10,5/1/1991,171,359.18
02-10,6/1/1991,177,364.50
02-10,7/1/1991,171,369.81
02-10,8/1/1991,195,375.87
02-10,9/1/1991,181,381.30
02-10,10/1/1991,178,386.84
02-10,11/1/1991,202,392.88
02-10,12/1/1991,195,398.93
02-10,1/1/1992,206,405.31
02-10,2/1/1992,199,411.08
02-10,3/1/1992,191,417.00
02-10,4/1/1992,189,422.68
02-10,5/1/1992,177,428.15
02-10,6/1/1992,135,432.21
02-10,7/1/1992,209,438.68
02-10,8/1/1992,219,445.46
02-10,9/1/1992,206,451.65
02-10,10/1/1992,182,457.28
02-10,11/1/1992,236,464.37
02-10,12/1/1992,157,469.23
02-10,1/1/1993,219,476.01
02-10,2/1/1993,189,481.30
02-10,3/1/1993,191,487.22
02-10,4/1/1993,184,492.73
02-10,5/1/1993,182,498.37
02-10,6/1/1993,188,504.01
02-10,7/1/1993,185,509.75
02-10,8/1/1993,174,515.15
02-10,9/1/1993,172,520.29
02-10,10/1/1993,151,524.98
02-10,11/1/1993,152,529.54
02-10,12/1/1993,141,533.92
02-10,1/1/1994,141,538.30
02-10,2/1/1994,156,542.68
02-10,3/1/1994,141,547.06
03-10,2/1/1983,327,9.16
03-10,3/1/1983,325,19.24
03-10,4/1/1983,390,30.94
03-10,5/1/1983,330,41.16
03-10,6/1/1983,354,51.79
03-10,7/1/1983,360,62.96
03-10,8/1/1983,332,73.25
03-10,9/1/1983,265,81.20
03-10,10/1/1983,327,91.35
03-10,11/1/1983,321,100.97
03-10,12/1/1983,289,109.92
03-10,1/1/1984,318,119.78
03-10,2/1/1984,340,129.65
03-10,3/1/1984,318,139.51
03-10,4/1/1984,238,146.65
03-10,5/1/1984,230,153.79
03-10,6/1/1984,238,160.93
03-10,7/1/1984,230,168.07
03-10,8/1/1984,257,176.02
03-10,9/1/1984,319,185.60
03-10,10/1/1984,289,194.55
03-10,11/1/1984,292,203.31
03-10,12/1/1984,273,211.76
03-10,1/1/1985,252,219.58
03-10,2/1/1985,271,227.19
03-10,3/1/1985,239,234.60
03-10,4/1/1985,257,242.32
03-10,5/1/1985,267,250.59
03-10,6/1/1985,267,258.60
03-10,7/1/1985,268,266.90
03-10,8/1/1985,243,274.44
03-10,9/1/1985,271,282.56
03-10,10/1/1985,260,290.61
03-10,11/1/1985,248,298.05
03-10,12/1/1985,273,306.53
03-10,1/1/1986,232,313.71
03-10,2/1/1986,236,320.32
03-10,3/1/1986,183,325.98
03-10,4/1/1986,199,331.95
03-10,5/1/1986,192,337.92
03-10,6/1/1986,221,344.56
03-10,7/1/1986,213,351.16
03-10,8/1/1986,210,357.65
03-10,9/1/1986,212,364.02
03-10,10/1/1986,204,370.32
03-10,11/1/1986,202,376.40
03-10,12/1/1986,189,382.25
03-10,1/1/1987,219,389.04
03-10,2/1/1987,243,395.83
03-10,3/1/1987,190,401.71
03-10,4/1/1987,176,407.01
03-10,5/1/1987,171,412.30
03-10,6/1/1987,180,417.70
03-10,7/1/1987,187,423.49
03-10,8/1/1987,182,429.14
03-10,9/1/1987,184,434.66
03-10,10/1/1987,178,440.18
03-10,11/1/1987,174,445.41
03-10,12/1/1987,178,450.94
03-10,1/1/1988,175,456.36
03-10,2/1/1988,175,461.43
03-10,3/1/1988,173,466.80
03-10,4/1/1988,188,472.42
03-10,5/1/1988,184,478.12
03-10,6/1/1988,175,483.38
03-10,7/1/1988,161,488.39
03-10,8/1/1988,152,493.12
03-10,9/1/1988,139,497.29
03-10,10/1/1988,165,502.41
03-10,11/1/1988,157,507.11
03-10,12/1/1988,151,511.79
03-10,1/1/1989,139,516.11
03-10,2/1/1989,154,520.44
03-10,3/1/1989,144,524.89
03-10,4/1/1989,142,529.15
03-10,5/1/1989,143,533.58
03-10,6/1/1989,145,537.93
03-10,7/1/1989,141,542.29
03-10,8/1/1989,142,546.69
03-10,9/1/1989,138,550.84
03-10,10/1/1989,135,555.03
03-10,11/1/1989,135,559.07
03-10,12/1/1989,148,563.66
03-10,1/1/1990,165,568.77
03-10,2/1/1990,168,573.47
03-10,3/1/1990,169,578.70
03-10,4/1/1990,168,583.72
03-10,5/1/1990,165,588.85
03-10,6/1/1990,157,593.54
03-10,7/1/1990,153,598.30
03-10,8/1/1990,149,602.91
03-10,9/1/1990,162,607.76
03-10,10/1/1990,130,611.78
03-10,11/1/1990,150,616.27
03-10,12/1/1990,148,620.84
03-10,1/1/1991,148,625.43
03-10,2/1/1991,145,629.49
03-10,3/1/1991,147,634.06
03-10,4/1/1991,146,638.44
03-10,5/1/1991,139,642.76
03-10,6/1/1991,101,645.79
03-10,7/1/1991,144,650.25
03-10,8/1/1991,144,654.73
03-10,9/1/1991,147,659.15
03-10,10/1/1991,140,663.50
03-10,11/1/1991,142,667.76
03-10,12/1/1991,131,671.81
03-10,1/1/1992,133,675.93
03-10,2/1/1992,131,679.73
03-10,3/1/1992,128,683.69
03-10,4/1/1992,126,687.48
03-10,5/1/1992,115,691.05
03-10,6/1/1992,93,693.85
03-10,7/1/1992,118,697.52
03-10,8/1/1992,118,701.18
03-10,9/1/1992,113,704.56
03-10,10/1/1992,112,708.02
03-10,11/1/1992,132,711.98
03-10,12/1/1992,125,715.86
03-10,1/1/1993,112,719.33
03-10,2/1/1993,105,722.26
03-10,3/1/1993,102,725.41
03-10,4/1/1993,95,728.26
03-10,5/1/1993,95,731.21
03-10,6/1/1993,98,734.16
03-10,7/1/1993,100,737.26
03-10,8/1/1993,91,740.09
03-10,9/1/1993,93,742.89
03-10,10/1/1993,83,745.46
03-10,11/1/1993,87,748.07
03-10,12/1/1993,87,750.77
03-10,1/1/1994,87,753.46
03-10,2/1/1994,96,756.15
03-10,3/1/1994,87,758.84
04-01,3/1/1980,543,16.83
04-01,4/1/1980,103,19.93
04-01,5/1/1980,456,34.07
04-01,6/1/1980,514,49.50
04-01,7/1/1980,487,64.60
04-01,8/1/1980,243,72.14
04-01,9/1/1980,282,80.59
04-01,10/1/1980,411,93.34
04-01,11/1/1980,301,102.38
04-01,12/1/1980,345,113.07
04-01,1/1/1981,345,123.77
04-01,2/1/1981,441,136.13
04-01,3/1/1981,381,147.95
04-01,4/1/1981,318,157.49
04-01,5/1/1981,314,167.23
04-01,6/1/1981,242,174.49
04-01,7/1/1981,272,182.91
04-01,8/1/1981,254,190.77
04-01,9/1/1981,257,198.47
04-01,10/1/1981,175,203.89
04-01,11/1/1981,255,211.52
04-01,12/1/1981,251,219.30
04-01,1/1/1982,251,227.08
04-01,2/1/1982,278,234.87
04-01,3/1/1982,251,242.65
04-01,4/1/1982,129,246.52
04-01,5/1/1982,125,250.39
04-01,6/1/1982,170,255.48
04-01,7/1/1982,188,261.31
04-01,8/1/1982,267,269.57
04-01,9/1/1982,275,277.84
04-01,10/1/1982,296,287.01
04-01,11/1/1982,306,296.19
04-01,12/1/1982,296,305.37
04-01,1/1/1983,296,314.55
04-01,2/1/1983,328,323.73
04-01,4/1/1983,306,332.90
04-01,5/1/1983,296,342.08
04-01,6/1/1983,306,351.26
04-01,7/1/1983,296,360.44
04-01,8/1/1983,189,366.29
04-01,9/1/1983,195,372.15
04-01,10/1/1983,189,378.00
04-01,11/1/1983,220,384.60
04-01,12/1/1983,213,391.19
04-01,1/1/1984,236,398.51
04-01,2/1/1984,214,404.73
04-01,3/1/1984,217,411.46
04-01,4/1/1984,210,417.76
04-01,5/1/1984,214,424.41
04-01,6/1/1984,208,430.64
04-01,7/1/1984,220,437.46
04-01,8/1/1984,225,444.44
04-01,9/1/1984,215,450.87
04-01,10/1/1984,209,457.34
04-01,11/1/1984,184,462.87
04-01,12/1/1984,191,468.79
04-01,1/1/1985,199,474.95
04-01,2/1/1985,176,479.87
04-01,3/1/1985,185,485.59
04-01,4/1/1985,196,491.48
04-01,5/1/1985,134,495.64
04-01,6/1/1985,147,500.05
04-01,7/1/1985,239,507.47
04-01,8/1/1985,178,513.00
04-01,9/1/1985,184,518.54
04-01,10/1/1985,178,524.07
04-01,11/1/1985,215,530.53
04-01,12/1/1985,208,536.98
04-01,1/1/1986,208,543.44
04-01,2/1/1986,231,549.90
04-01,3/1/1986,208,556.36
04-01,4/1/1986,173,561.56
04-01,5/1/1986,268,569.87
04-01,6/1/1986,277,578.19
04-01,7/1/1986,354,589.16
04-01,8/1/1986,339,599.68
04-01,9/1/1986,321,609.31
04-01,10/1/1986,294,618.43
04-01,11/1/1986,304,627.54
04-01,12/1/1986,198,633.67
04-01,1/1/1987,198,639.80
04-01,2/1/1987,219,645.93
04-01,3/1/1987,167,651.11
04-01,4/1/1987,172,656.27
04-01,5/1/1987,173,661.62
04-01,6/1/1987,160,666.42
04-01,7/1/1987,168,671.62
04-01,8/1/1987,174,677.02
04-01,9/1/1987,181,682.44
04-01,10/1/1987,174,687.84
04-01,11/1/1987,178,693.17
04-01,12/1/1987,173,698.53
04-01,1/1/1988,158,703.42
04-01,2/1/1988,176,708.53
04-01,3/1/1988,173,713.89
04-01,4/1/1988,154,718.49
04-01,5/1/1988,162,723.52
04-01,6/1/1988,160,728.32
04-01,7/1/1988,149,732.93
04-01,8/1/1988,160,737.89
04-01,9/1/1988,148,742.33
04-01,10/1/1988,146,746.87
04-01,11/1/1988,143,751.16
04-01,12/1/1988,136,755.38
04-01,1/1/1989,136,759.59
04-01,2/1/1989,121,762.97
04-01,3/1/1989,132,767.06
04-01,4/1/1989,147,771.46
04-01,5/1/1989,139,775.77
04-01,6/1/1989,134,779.79
04-01,7/1/1989,134,783.95
04-01,8/1/1989,134,788.11
04-01,9/1/1989,130,792.00
04-01,10/1/1989,120,795.70
04-01,11/1/1989,132,799.65
04-01,12/1/1989,126,803.57
04-01,1/1/1990,134,807.73
04-01,2/1/1990,123,811.19
04-01,3/1/1990,118,814.86
04-01,4/1/1990,121,818.48
04-01,5/1/1990,145,822.99
04-01,6/1/1990,120,826.58
04-01,7/1/1990,140,830.92
04-01,8/1/1990,133,835.05
04-01,9/1/1990,132,839.00
04-01,10/1/1990,123,842.83
04-01,11/1/1990,143,847.11
04-01,12/1/1990,126,851.00
04-01,1/1/1991,103,854.18
04-01,2/1/1991,129,857.79
04-01,3/1/1991,126,861.70
04-01,4/1/1991,122,865.35
04-01,5/1/1991,116,868.94
04-01,6/1/1991,100,871.94
04-01,7/1/1991,116,875.54
04-01,8/1/1991,112,879.02
04-01,9/1/1991,119,882.59
04-01,12/1/1991,358,893.69
04-01,1/1/1992,353,904.63
04-01,2/1/1992,365,915.21
04-01,3/1/1992,377,926.91
04-01,4/1/1992,349,937.39
04-01,5/1/1992,356,948.44
04-01,6/1/1992,348,958.88
04-01,7/1/1992,359,970.01
04-01,8/1/1992,326,980.11
04-01,9/1/1992,345,990.47
04-01,10/1/1992,335,1000.85
04-01,11/1/1992,323,1010.53
04-01,12/1/1992,309,1020.10
04-01,1/1/1993,302,1029.47
04-01,2/1/1993,302,1037.93
04-01,3/1/1993,280,1046.60
04-01,4/1/1993,257,1054.33
04-01,5/1/1993,236,1061.63
04-01,6/1/1993,243,1068.93
04-01,7/1/1993,234,1076.17
04-01,8/1/1993,282,1084.90
04-01,9/1/1993,257,1092.62
04-01,10/1/1993,259,1100.64
04-01,11/1/1993,255,1108.29
04-01,12/1/1993,234,1115.53
04-01,1/1/1994,234,1122.77
04-01,2/1/1994,259,1130.01
04-01,3/1/1994,234,1137.25
04-11,3/1/1979,243,7.53
04-11,4/1/1979,197,13.43
04-11,5/1/1979,226,20.43
04-11,6/1/1979,176,25.71
04-11,7/1/1979,170,30.98
04-11,9/1/1979,106,34.15
04-11,10/1/1979,120,37.87
04-11,11/1/1979,91,40.61
04-11,12/1/1979,88,43.35
04-11,1/1/1980,88,46.09
04-11,2/1/1980,94,48.83
04-11,3/1/1980,88,51.57
04-11,4/1/1980,91,54.31
04-11,5/1/1980,88,57.05
04-11,6/1/1980,91,59.79
04-11,7/1/1980,88,62.53
04-11,8/1/1980,88,65.27
04-11,9/1/1980,98,68.21
04-11,10/1/1980,95,71.15
04-11,11/1/1980,63,73.06
04-11,12/1/1980,61,74.96
04-11,1/1/1981,61,76.86
04-11,3/1/1981,61,78.76
04-11,4/1/1981,87,81.38
04-11,5/1/1981,73,83.66
04-11,6/1/1981,76,85.94
04-11,7/1/1981,73,88.22
04-11,8/1/1981,60,90.07
04-11,9/1/1981,62,91.92
04-11,2/1/1982,54,93.44
04-11,5/1/1982,51,95.01
04-11,6/1/1982,52,96.58
04-11,7/1/1982,51,98.15
04-11,10/1/1982,51,99.72
04-11,11/1/1982,52,101.29
04-11,12/1/1982,61,103.18
04-11,6/1/1983,63,105.06
04-11,7/1/1983,61,106.95
04-11,8/1/1983,61,108.84
04-11,9/1/1983,81,111.25
04-11,10/1/1983,86,113.93
04-11,11/1/1983,63,115.81
04-11,12/1/1983,61,117.70
04-11,1/1/1984,61,119.58
04-11,2/1/1984,84,122.01
04-11,3/1/1984,78,124.44
04-11,4/1/1984,81,126.87
04-11,5/1/1984,78,129.30
04-11,6/1/1984,81,131.73
04-11,7/1/1984,78,134.16
04-11,8/1/1984,47,135.62
04-11,9/1/1984,84,138.14
04-11,10/1/1984,81,140.65
04-11,11/1/1984,84,143.17
04-11,12/1/1984,58,144.97
04-11,1/1/1985,58,146.78
04-11,2/1/1985,64,148.58
04-11,3/1/1985,58,150.39
04-11,4/1/1985,49,151.87
04-11,5/1/1985,48,153.34
04-11,6/1/1985,43,154.63
04-11,7/1/1985,40,155.87
04-11,8/1/1985,40,157.11
04-11,9/1/1985,36,158.20
04-11,10/1/1985,35,159.28
04-11,11/1/1985,35,160.33
04-11,12/1/1985,34,161.39
04-11,1/1/1986,34,162.44
04-11,2/1/1986,30,163.27
04-11,3/1/1986,27,164.11
04-11,4/1/1986,28,164.94
04-11,5/1/1986,27,165.78
04-11,6/1/1986,28,166.61
04-11,7/1/1986,43,167.94
04-11,8/1/1986,43,169.28
04-11,9/1/1986,45,170.61
04-11,10/1/1986,31,171.57
04-11,11/1/1986,26,172.35
04-11,12/1/1986,25,173.13
04-11,1/1/1987,25,173.91
04-11,3/1/1987,21,174.56
04-11,4/1/1987,30,175.46
04-11,5/1/1987,29,176.37
04-11,6/1/1987,30,177.27
04-11,7/1/1987,29,178.17
04-11,8/1/1987,29,179.07
04-11,11/1/1987,30,179.97
04-11,12/1/1987,8,180.22
04-11,1/1/1988,6,180.42
04-11,2/1/1988,5,180.58
04-11,3/1/1988,6,180.77
04-11,4/1/1988,6,180.94
04-11,5/1/1988,5,181.11
04-11,6/1/1988,4,181.22
04-11,7/1/1988,6,181.41
04-11,8/1/1988,5,181.56
04-11,9/1/1988,3,181.66
04-11,10/1/1988,7,181.87
04-11,11/1/1988,5,182.02
04-11,12/1/1988,4,182.14
05-02,9/1/1980,42,1.26
05-02,10/1/1980,102,4.43
05-02,11/1/1980,99,7.41
05-02,12/1/1980,90,10.19
05-02,1/1/1981,87,12.89
05-02,2/1/1981,93,15.48
05-02,3/1/1981,75,17.80
05-02,4/1/1981,63,19.70
05-02,5/1/1981,54,21.38
05-02,6/1/1981,56,23.06
05-02,7/1/1981,54,24.73
05-02,8/1/1981,54,26.39
05-02,9/1/1981,53,28.00
05-02,2/1/1982,50,29.40
05-02,3/1/1982,59,31.23
05-02,4/1/1982,48,32.68
05-02,5/1/1982,40,33.93
05-02,6/1/1982,56,35.62
05-02,7/1/1982,55,37.31
05-02,8/1/1982,45,38.69
05-02,9/1/1982,62,40.56
05-02,10/1/1982,60,42.43
05-02,11/1/1982,57,44.13
05-02,12/1/1982,52,45.75
05-02,1/1/1983,53,47.41
05-02,2/1/1983,40,48.52
05-02,4/1/1983,58,50.26
05-02,5/1/1983,47,51.73
05-02,6/1/1983,44,53.03
05-02,7/1/1983,47,54.49
05-02,8/1/1983,39,55.71
05-02,9/1/1983,41,56.93
05-02,10/1/1983,43,58.26
05-02,11/1/1983,45,59.61
05-02,12/1/1983,43,60.95
05-02,1/1/1984,48,62.43
05-02,2/1/1984,39,63.55
05-02,3/1/1984,41,64.84
05-02,4/1/1984,38,65.97
05-02,5/1/1984,41,67.23
05-02,6/1/1984,35,68.28
05-02,7/1/1984,35,69.36
05-02,8/1/1984,33,70.39
05-02,9/1/1984,37,71.50
05-02,10/1/1984,36,72.60
05-02,11/1/1984,35,73.64
05-02,12/1/1984,33,74.67
05-02,1/1/1985,30,75.60
05-02,2/1/1985,33,76.52
05-02,3/1/1985,34,77.58
05-02,4/1/1985,35,78.63
05-02,5/1/1985,27,79.46
05-02,6/1/1985,28,80.30
05-02,7/1/1985,17,80.84
05-02,8/1/1985,21,81.49
05-02,9/1/1985,24,82.22
05-02,10/1/1985,23,82.94
05-02,11/1/1985,19,83.52
05-02,12/1/1985,23,84.24
05-02,1/1/1986,24,84.98
05-02,2/1/1986,25,85.69
05-02,3/1/1986,24,86.43
05-02,4/1/1986,20,87.04
05-02,5/1/1986,20,87.65
05-02,6/1/1986,25,88.40
05-02,7/1/1986,23,89.12
05-02,8/1/1986,23,89.85
05-02,9/1/1986,25,90.59
05-02,10/1/1986,24,91.34
05-02,11/1/1986,26,92.12
05-02,12/1/1986,25,92.90
05-02,1/1/1987,28,93.76
05-02,2/1/1987,30,94.60
05-02,3/1/1987,26,95.39
05-02,4/1/1987,23,96.08
05-02,5/1/1987,24,96.83
05-02,6/1/1987,23,97.52
05-02,7/1/1987,22,98.21
05-02,8/1/1987,16,98.69
05-02,9/1/1987,16,99.18
05-02,10/1/1987,19,99.77
05-02,11/1/1987,17,100.28
05-02,12/1/1987,18,100.84
05-02,1/1/1988,18,101.39
05-02,2/1/1988,17,101.89
05-02,3/1/1988,18,102.45
05-02,4/1/1988,18,102.98
05-02,5/1/1988,17,103.51
05-02,6/1/1988,19,104.08
05-02,7/1/1988,19,104.68
05-02,8/1/1988,18,105.25
05-02,9/1/1988,14,105.67
05-02,10/1/1988,13,106.09
05-02,11/1/1988,16,106.57
05-02,12/1/1988,16,107.07
05-02,1/1/1989,11,107.41
05-02,2/1/1989,12,107.74
05-02,3/1/1989,13,108.14
05-02,4/1/1989,11,108.47
05-02,5/1/1989,10,108.77
05-02,6/1/1989,12,109.14
05-02,7/1/1989,11,109.49
05-02,8/1/1989,10,109.81
05-02,9/1/1989,8,110.07
05-02,10/1/1989,10,110.36
05-02,11/1/1989,7,110.58
05-02,12/1/1989,6,110.76
05-02,1/1/1990,6,110.95
05-02,2/1/1990,10,111.22
05-02,3/1/1990,6,111.41
05-02,4/1/1990,8,111.65
05-02,5/1/1990,5,111.81
05-02,6/1/1990,5,111.98
05-02,11/1/1990,5,112.14
05-02,12/1/1990,4,112.26
05-02,1/1/1991,4,112.38
05-02,2/1/1991,4,112.51
05-02,3/1/1991,4,112.63
05-02,4/1/1991,4,112.75
05-02,5/1/1991,4,112.88
05-02,6/1/1991,4,113.00
05-02,7/1/1991,5,113.15
05-02,8/1/1991,3,113.25
05-02,9/1/1991,3,113.35
05-02,10/1/1991,5,113.50
05-02,11/1/1991,5,113.64
05-02,12/1/1991,4,113.78
05-02,1/1/1992,4,113.92
05-02,2/1/1992,5,114.05
05-02,3/1/1992,4,114.19
05-02,4/1/1992,5,114.33
05-02,5/1/1992,4,114.47
05-02,6/1/1992,5,114.60
05-02,8/1/1992,12,114.96
05-02,9/1/1992,10,115.26
05-02,10/1/1992,11,115.59
05-02,11/1/1992,10,115.91
05-02,12/1/1992,9,116.19
05-02,1/1/1993,8,116.43
05-02,2/1/1993,8,116.64
05-02,3/1/1993,7,116.86
05-02,4/1/1993,7,117.05
05-02,5/1/1993,6,117.25
05-02,6/1/1993,5,117.39
05-02,7/1/1993,4,117.52
05-02,8/1/1993,4,117.63
05-02,12/1/1993,14,118.06
05-02,1/1/1994,11,118.40
05-02,2/1/1994,9,118.64
05-02,3/1/1994,20,119.25
05-03,11/1/1990,16,0.49
05-03,12/1/1990,13,0.89
05-03,1/1/1991,35,1.99
05-03,2/1/1991,36,2.99
05-03,3/1/1991,36,4.09
05-03,4/1/1991,33,5.07
05-03,5/1/1991,33,6.09
05-03,6/1/1991,33,7.07
05-03,7/1/1991,29,7.95
05-03,8/1/1991,27,8.78
05-03,9/1/1991,30,9.67
05-03,10/1/1991,29,10.57
05-03,11/1/1991,27,11.37
05-03,12/1/1991,27,12.20
05-03,1/1/1992,25,12.99
05-03,2/1/1992,25,13.71
05-03,3/1/1992,23,14.41
05-03,4/1/1992,22,15.06
05-03,5/1/1992,20,15.70
05-03,6/1/1992,17,16.21
05-03,7/1/1992,20,16.83
05-03,8/1/1992,20,17.43
05-03,9/1/1992,18,17.99
05-03,10/1/1992,18,18.54
05-03,11/1/1992,17,19.05
05-03,12/1/1992,18,19.59
05-03,1/1/1993,17,20.11
05-03,2/1/1993,14,20.50
05-03,3/1/1993,13,20.89
05-03,4/1/1993,11,21.22
05-03,5/1/1993,10,21.54
05-03,6/1/1993,11,21.86
05-03,7/1/1993,10,22.16
05-03,8/1/1993,9,22.44
05-03,9/1/1993,9,22.71
05-03,10/1/1993,9,22.99
05-03,11/1/1993,8,23.24
05-03,12/1/1993,8,23.50
05-03,1/1/1994,8,23.76
05-03,2/1/1994,9,24.03
05-03,3/1/1994,8,24.29
06-02,10/1/1982,44,1.37
06-02,11/1/1982,73,3.57
06-02,12/1/1982,82,6.09
06-02,1/1/1983,43,7.43
06-02,2/1/1983,85,9.81
06-02,3/1/1983,73,12.07
06-02,4/1/1983,62,13.93
06-02,5/1/1983,68,16.04
06-02,6/1/1983,59,17.80
06-02,7/1/1983,59,19.62
06-02,8/1/1983,49,21.14
06-02,9/1/1983,52,22.68
06-02,10/1/1983,53,24.33
06-02,11/1/1983,52,25.88
06-02,12/1/1983,51,27.44
06-02,1/1/1984,48,28.94
06-02,2/1/1984,47,30.30
06-02,3/1/1984,42,31.59
06-02,4/1/1984,51,33.12
06-02,5/1/1984,44,34.50
06-02,6/1/1984,42,35.75
06-02,7/1/1984,30,36.68
06-02,8/1/1984,37,37.82
06-02,9/1/1984,48,39.26
06-02,10/1/1984,42,40.58
06-02,11/1/1984,44,41.90
06-02,12/1/1984,42,43.21
06-02,1/1/1985,42,44.53
06-02,2/1/1985,78,46.72
06-02,3/1/1985,61,48.61
06-02,4/1/1985,55,50.26
06-02,5/1/1985,57,52.02
06-02,6/1/1985,50,53.51
06-02,7/1/1985,46,54.95
06-02,8/1/1985,41,56.23
06-02,9/1/1985,45,57.59
06-02,10/1/1985,58,59.38
06-02,11/1/1985,58,61.13
06-02,12/1/1985,59,62.95
06-02,1/1/1986,50,64.51
06-02,2/1/1986,47,65.81
06-02,3/1/1986,41,67.09
06-02,4/1/1986,43,68.36
06-02,5/1/1986,30,69.31
06-02,6/1/1986,31,70.25
06-02,7/1/1986,30,71.20
06-02,8/1/1986,34,72.26
06-02,9/1/1986,37,73.37
06-02,10/1/1986,32,74.36
06-02,11/1/1986,32,75.33
06-02,12/1/1986,47,76.80
06-02,1/1/1987,47,78.27
06-02,2/1/1987,53,79.74
06-02,3/1/1987,41,81.01
06-02,4/1/1987,38,82.14
06-02,5/1/1987,45,83.53
06-02,6/1/1987,41,84.76
06-02,7/1/1987,41,86.03
06-02,8/1/1987,41,87.29
06-02,9/1/1987,37,88.40
06-02,10/1/1987,29,89.30
06-02,11/1/1987,32,90.26
06-02,12/1/1987,39,91.45
06-02,1/1/1988,30,92.37
06-02,2/1/1988,30,93.24
06-02,3/1/1988,35,94.32
06-02,4/1/1988,38,95.45
06-02,5/1/1988,29,96.35
06-02,6/1/1988,35,97.41
06-02,7/1/1988,32,98.41
06-02,8/1/1988,30,99.33
06-02,9/1/1988,23,100.01
06-02,10/1/1988,28,100.86
06-02,11/1/1988,23,101.56
06-02,12/1/1988,25,102.33
06-02,1/1/1989,25,103.10
06-02,2/1/1989,28,103.89
06-02,3/1/1989,26,104.70
06-02,4/1/1989,28,105.55
06-02,5/1/1989,25,106.31
06-02,6/1/1989,24,107.03
06-02,7/1/1989,24,107.78
06-02,8/1/1989,19,108.38
06-02,9/1/1989,16,108.86
06-02,10/1/1989,17,109.38
06-02,11/1/1989,17,109.90
06-02,12/1/1989,20,110.52
06-02,1/1/1990,17,111.05
06-02,2/1/1990,17,111.52
06-02,3/1/1990,18,112.07
06-02,4/1/1990,14,112.50
06-02,5/1/1990,15,112.96
06-02,6/1/1990,15,113.41
06-02,7/1/1990,14,113.86
06-02,8/1/1990,14,114.31
06-02,9/1/1990,11,114.64
06-02,10/1/1990,8,114.90
06-02,11/1/1990,9,115.16
06-02,1/1/1991,12,115.53
06-02,2/1/1991,17,116.00
06-02,3/1/1991,15,116.46
06-02,4/1/1991,17,116.99
06-02,5/1/1991,16,117.48
06-02,6/1/1991,16,117.98
06-02,7/1/1991,16,118.46
06-02,8/1/1991,16,118.94
06-02,9/1/1991,12,119.32
06-02,10/1/1991,11,119.65
06-02,11/1/1991,7,119.86
06-02,1/1/1992,7,120.07
06-02,2/1/1992,6,120.23
06-02,3/1/1992,5,120.39
06-02,4/1/1992,5,120.56
06-02,5/1/1992,5,120.72
06-02,6/1/1992,5,120.87
06-02,7/1/1992,5,121.02
06-02,8/1/1992,2,121.07
06-02,12/1/1993,5,121.22
06-02,1/1/1994,5,121.37
06-02,2/1/1994,5,121.53
06-02,3/1/1994,5,121.68
06-03,1/1/1982,49,1.51
06-03,2/1/1982,57,3.11
06-03,3/1/1982,52,4.73
06-03,4/1/1982,53,6.31
06-03,5/1/1982,51,7.88
06-03,6/1/1982,45,9.22
06-03,7/1/1982,46,10.64
06-03,8/1/1982,42,11.94
06-03,9/1/1982,50,13.43
06-03,10/1/1982,48,14.92
06-03,11/1/1982,38,16.06
06-03,12/1/1982,40,17.29
06-03,1/1/1983,37,18.45
06-03,2/1/1983,41,19.61
06-03,3/1/1983,37,20.76
06-03,4/1/1983,34,21.78
06-03,5/1/1983,37,22.93
06-03,6/1/1983,47,24.33
06-03,7/1/1983,45,25.72
06-03,8/1/1983,44,27.07
06-03,9/1/1983,47,28.49
06-03,10/1/1983,47,29.95
06-03,11/1/1983,43,31.25
06-03,12/1/1983,49,32.76
06-03,1/1/1984,38,33.94
06-03,2/1/1984,46,35.27
06-03,3/1/1984,50,36.82
06-03,4/1/1984,37,37.92
06-03,5/1/1984,34,38.98
06-03,6/1/1984,48,40.43
06-03,7/1/1984,41,41.70
06-03,8/1/1984,29,42.59
06-03,9/1/1984,30,43.48
06-03,10/1/1984,31,44.43
06-03,11/1/1984,34,45.45
06-03,12/1/1984,30,46.36
06-03,1/1/1985,28,47.23
06-03,2/1/1985,28,48.02
06-03,3/1/1985,22,48.70
06-03,4/1/1985,13,49.10
07-02,11/1/1978,287,8.60
07-02,12/1/1978,401,21.04
07-02,1/1/1979,391,33.16
07-02,2/1/1979,523,47.82
07-02,3/1/1979,364,59.09
07-02,4/1/1979,450,72.60
07-02,5/1/1979,407,85.21
07-02,6/1/1979,403,97.32
07-02,7/1/1979,386,109.28
07-02,8/1/1979,354,120.25
07-02,9/1/1979,332,130.22
07-02,10/1/1979,289,139.19
07-02,11/1/1979,324,148.90
07-02,12/1/1979,247,156.55
07-02,1/1/1980,247,164.19
07-02,3/1/1980,215,170.86
07-02,4/1/1980,242,178.13
07-02,5/1/1980,173,183.49
07-02,6/1/1980,275,191.73
07-02,7/1/1980,266,199.97
07-02,8/1/1980,177,205.46
07-02,9/1/1980,241,212.69
07-02,10/1/1980,184,218.40
07-02,11/1/1980,190,224.12
07-02,12/1/1980,270,232.48
07-02,1/1/1981,173,237.83
07-02,2/1/1981,161,242.35
07-02,3/1/1981,148,246.92
07-02,4/1/1981,133,250.92
07-02,5/1/1981,170,256.20
07-02,6/1/1981,156,260.86
07-02,7/1/1981,151,265.53
07-02,8/1/1981,160,270.50
07-02,9/1/1981,151,275.03
07-02,12/1/1981,146,279.56
07-02,2/1/1982,177,284.53
07-02,3/1/1982,149,289.13
07-02,5/1/1982,118,292.80
07-02,6/1/1982,122,296.46
07-02,7/1/1982,118,300.12
07-02,8/1/1982,100,303.22
07-02,9/1/1982,100,306.22
07-02,10/1/1982,114,309.76
07-02,11/1/1982,118,313.30
07-02,12/1/1982,114,316.84
07-02,1/1/1983,114,320.38
07-02,2/1/1983,126,323.92
07-02,3/1/1983,114,327.46
07-02,4/1/1983,118,331.00
07-02,6/1/1983,118,334.54
07-02,7/1/1983,114,338.08
07-02,8/1/1983,114,341.62
07-02,9/1/1983,79,344.00
07-02,10/1/1983,77,346.38
07-02,11/1/1983,79,348.77
07-02,12/1/1983,77,351.15
07-02,1/1/1984,48,352.63
07-02,2/1/1984,56,354.24
07-02,3/1/1984,52,355.85
07-02,4/1/1984,95,358.70
07-02,5/1/1984,92,361.55
07-02,6/1/1984,88,364.19
07-02,7/1/1984,89,366.96
07-02,8/1/1984,89,369.73
07-02,9/1/1984,76,372.01
07-02,10/1/1984,62,373.94
07-02,11/1/1984,64,375.87
07-02,12/1/1984,62,377.79
07-02,1/1/1985,88,380.53
07-02,2/1/1985,76,382.66
07-02,3/1/1985,56,384.41
07-02,4/1/1985,55,386.06
07-02,5/1/1985,82,388.59
07-02,6/1/1985,85,391.13
07-02,7/1/1985,76,393.48
07-02,8/1/1985,70,395.65
07-02,9/1/1985,73,397.83
07-02,10/1/1985,76,400.17
07-02,11/1/1985,67,402.19
07-02,12/1/1985,51,403.78
07-02,1/1/1986,51,405.37
07-02,2/1/1986,57,406.96
07-02,3/1/1986,51,408.56
07-02,4/1/1986,53,410.15
07-02,5/1/1986,56,411.87
07-02,6/1/1986,54,413.49
07-02,7/1/1986,63,415.45
07-02,8/1/1986,63,417.41
07-02,9/1/1986,65,419.37
07-02,10/1/1986,53,421.01
07-02,11/1/1986,54,422.62
07-02,12/1/1986,52,424.23
07-02,2/1/1987,57,425.84
07-02,3/1/1987,52,427.45
07-02,4/1/1987,68,429.50
07-02,5/1/1987,66,431.55
07-02,6/1/1987,65,433.51
07-02,7/1/1987,44,434.87
07-02,8/1/1987,45,436.26
07-02,9/1/1987,46,437.65
07-02,10/1/1987,30,438.59
07-02,11/1/1987,36,439.67
07-02,12/1/1987,35,440.75
07-02,1/1/1988,36,441.86
07-02,2/1/1988,35,442.86
07-02,3/1/1988,30,443.78
07-02,4/1/1988,34,444.79
07-02,5/1/1988,35,445.88
07-02,6/1/1988,34,446.91
07-02,7/1/1988,31,447.89
07-02,8/1/1988,29,448.80
07-02,9/1/1988,30,449.71
07-02,10/1/1988,29,450.62
07-02,11/1/1988,34,451.63
07-02,12/1/1988,30,452.55
07-02,1/1/1989,29,453.45
07-02,2/1/1989,28,454.25
07-02,3/1/1989,32,455.24
07-02,4/1/1989,32,456.21
07-02,5/1/1989,25,456.99
07-02,6/1/1989,29,457.87
07-02,7/1/1989,31,458.83
07-02,8/1/1989,32,459.83
07-02,9/1/1989,30,460.74
07-02,10/1/1989,32,461.73
07-02,11/1/1989,33,462.73
07-02,12/1/1989,33,463.74
07-02,1/1/1990,29,464.64
07-02,2/1/1990,26,465.37
07-02,3/1/1990,28,466.22
07-02,4/1/1990,28,467.07
07-02,5/1/1990,25,467.84
07-02,6/1/1990,28,468.66
07-02,7/1/1990,27,469.50
07-02,8/1/1990,27,470.33
07-02,9/1/1990,27,471.15
07-02,10/1/1990,27,472.00
07-02,11/1/1990,28,472.85
07-02,12/1/1990,20,473.48
07-02,1/1/1991,25,474.27
07-02,2/1/1991,26,475.00
07-02,3/1/1991,26,475.80
07-02,4/1/1991,27,476.60
07-02,5/1/1991,27,477.43
07-02,6/1/1991,27,478.25
07-02,7/1/1991,27,479.08
07-02,8/1/1991,27,479.91
07-02,9/1/1991,28,480.74
07-02,10/1/1991,16,481.24
07-02,11/1/1991,16,481.73
07-02,12/1/1991,20,482.37
07-02,1/1/1992,19,482.97
07-02,2/1/1992,15,483.40
07-02,3/1/1992,19,483.99
07-02,4/1/1992,19,484.56
07-02,5/1/1992,18,485.12
07-02,6/1/1992,15,485.57
07-02,7/1/1992,36,486.70
07-02,8/1/1992,34,487.75
07-02,9/1/1992,29,488.62
07-02,10/1/1992,27,489.45
07-02,11/1/1992,28,490.29
07-02,12/1/1992,28,491.17
07-02,1/1/1993,24,491.92
07-02,2/1/1993,29,492.74
07-02,3/1/1993,22,493.42
07-02,4/1/1993,19,493.99
07-02,5/1/1993,18,494.54
07-02,6/1/1993,18,495.10
07-02,7/1/1993,21,495.74
07-02,8/1/1993,19,496.34
07-02,9/1/1993,21,496.97
07-02,10/1/1993,21,497.62
07-02,11/1/1993,21,498.24
07-02,12/1/1993,16,498.73
07-02,1/1/1994,16,499.21
07-02,2/1/1994,17,499.69
07-02,3/1/1994,16,500.17
07-03,11/1/1984,84,2.51
07-03,12/1/1984,142,6.92
07-03,1/1/1985,112,10.39
07-03,2/1/1985,203,16.07
07-03,3/1/1985,191,21.99
07-03,4/1/1985,171,27.13
07-03,5/1/1985,238,34.49
07-03,6/1/1985,212,40.87
07-03,7/1/1985,217,47.58
07-03,8/1/1985,206,53.96
07-03,9/1/1985,197,59.87
07-03,10/1/1985,157,64.73
07-03,11/1/1985,175,69.98
07-03,12/1/1985,127,73.90
07-03,1/1/1986,127,77.83
07-03,2/1/1986,163,82.40
07-03,3/1/1986,150,87.04
07-03,4/1/1986,155,91.67
07-03,5/1/1986,150,96.31
07-03,6/1/1986,149,100.80
07-03,7/1/1986,149,105.42
07-03,8/1/1986,151,110.10
07-03,9/1/1986,161,114.92
07-03,10/1/1986,174,120.32
07-03,11/1/1986,168,125.36
07-03,12/1/1986,163,130.43
07-03,1/1/1987,166,135.57
07-03,2/1/1987,162,140.11
07-03,3/1/1987,153,144.86
07-03,4/1/1987,155,149.52
07-03,5/1/1987,177,155.01
07-03,6/1/1987,168,160.04
07-03,7/1/1987,160,165.00
07-03,8/1/1987,158,169.90
07-03,9/1/1987,153,174.48
07-03,10/1/1987,154,179.26
07-03,11/1/1987,143,183.56
07-03,12/1/1987,156,188.39
07-03,1/1/1988,141,192.75
07-03,2/1/1988,141,196.83
07-03,3/1/1988,146,201.35
07-03,4/1/1988,155,206.01
07-03,5/1/1988,158,210.91
07-03,6/1/1988,148,215.34
07-03,7/1/1988,133,219.48
07-03,8/1/1988,138,223.74
07-03,9/1/1988,111,227.06
07-03,10/1/1988,138,231.33
07-03,11/1/1988,135,235.39
07-03,12/1/1988,139,239.69
07-03,1/1/1989,149,244.30
07-03,2/1/1989,149,248.47
07-03,3/1/1989,138,252.75
07-03,4/1/1989,141,256.98
07-03,5/1/1989,128,260.93
07-03,6/1/1989,139,265.12
07-03,7/1/1989,134,269.28
07-03,8/1/1989,134,273.42
07-03,9/1/1989,150,277.93
07-03,10/1/1989,134,282.09
07-03,11/1/1989,134,286.09
07-03,12/1/1989,148,290.69
07-03,1/1/1990,150,295.34
07-03,2/1/1990,145,299.39
07-03,3/1/1990,141,303.76
07-03,4/1/1990,148,308.19
07-03,5/1/1990,150,312.85
07-03,6/1/1990,148,317.30
07-03,7/1/1990,150,321.94
07-03,8/1/1990,145,326.43
07-03,9/1/1990,148,330.88
07-03,10/1/1990,132,334.97
07-03,11/1/1990,122,338.64
07-03,12/1/1990,148,343.22
07-03,1/1/1991,136,347.43
07-03,2/1/1991,127,350.98
07-03,3/1/1991,105,354.23
07-03,4/1/1991,135,358.28
07-03,5/1/1991,130,362.30
07-03,6/1/1991,90,365.01
07-03,7/1/1991,130,369.05
07-03,8/1/1991,126,372.94
07-03,9/1/1991,117,376.45
07-03,10/1/1991,128,380.41
07-03,11/1/1991,142,384.67
07-03,12/1/1991,130,388.70
07-03,1/1/1992,133,392.83
07-03,2/1/1992,127,396.51
07-03,3/1/1992,125,400.39
07-03,4/1/1992,110,403.70
07-03,5/1/1992,124,407.55
07-03,6/1/1992,128,411.40
07-03,7/1/1992,116,414.99
07-03,8/1/1992,119,418.70
07-03,9/1/1992,111,422.02
07-03,10/1/1992,127,425.94
07-03,11/1/1992,111,429.26
07-03,12/1/1992,104,432.49
07-03,1/1/1993,105,435.74
07-03,2/1/1993,100,438.55
07-03,3/1/1993,109,441.92
07-03,4/1/1993,95,444.78
07-03,5/1/1993,104,448.01
07-03,6/1/1993,108,451.24
07-03,7/1/1993,106,454.51
07-03,8/1/1993,101,457.66
07-03,9/1/1993,105,460.80
07-03,10/1/1993,96,463.77
07-03,11/1/1993,98,466.70
07-03,12/1/1993,93,469.57
07-03,1/1/1994,93,472.44
07-03,2/1/1994,102,475.31
07-03,3/1/1994,93,478.17
08-02,10/1/1983,120,3.73
08-02,11/1/1983,259,11.49
08-02,12/1/1983,241,18.95
08-02,2/1/1984,243,26.01
08-02,5/1/1984,215,32.68
08-02,6/1/1984,209,38.95
08-02,7/1/1984,189,44.80
08-02,8/1/1984,179,50.35
08-02,9/1/1984,175,55.60
08-02,10/1/1984,160,60.55
08-02,11/1/1984,158,65.31
08-02,12/1/1984,140,69.66
08-02,2/1/1985,152,73.91
08-02,3/1/1985,116,77.51
08-02,4/1/1985,113,80.91
08-02,5/1/1985,103,84.11
08-02,6/1/1985,100,87.12
08-02,7/1/1985,90,89.92
08-02,8/1/1985,84,92.52
08-02,9/1/1985,82,94.99
08-02,10/1/1985,52,96.61
08-02,11/1/1985,54,98.24
08-02,12/1/1985,53,99.87
08-02,1/1/1986,53,101.50
08-02,2/1/1986,41,102.63
08-02,3/1/1986,30,103.57
08-02,5/1/1986,15,104.02
08-02,9/1/1986,2,104.07
08-03,2/1/1985,13,0.37
08-03,3/1/1985,9,0.66
08-03,4/1/1985,81,3.09
08-03,5/1/1985,127,7.02
08-03,6/1/1985,148,11.47
08-03,7/1/1985,141,15.83
08-03,8/1/1985,129,19.82
08-03,9/1/1985,190,25.53
08-03,10/1/1985,174,30.92
08-03,11/1/1985,191,36.66
08-03,12/1/1985,177,42.14
08-03,1/1/1986,194,48.14
08-03,2/1/1986,197,53.67
08-03,3/1/1986,164,58.74
08-03,4/1/1986,169,63.82
08-03,5/1/1986,201,70.06
08-03,6/1/1986,182,75.53
08-03,7/1/1986,171,80.82
08-03,8/1/1986,187,86.60
08-03,9/1/1986,149,91.07
08-03,10/1/1986,192,97.02
08-03,11/1/1986,196,102.90
08-03,12/1/1986,197,109.00
08-03,1/1/1987,200,115.21
08-03,2/1/1987,200,120.81
08-03,3/1/1987,193,126.80
08-03,4/1/1987,191,132.51
08-03,5/1/1987,180,138.09
08-03,6/1/1987,181,143.51
08-03,7/1/1987,159,148.44
08-03,8/1/1987,132,152.52
08-03,9/1/1987,160,157.33
08-03,10/1/1987,192,163.28
08-03,11/1/1987,199,169.24
08-03,12/1/1987,197,175.37
08-03,1/1/1988,197,181.47
08-03,2/1/1988,194,187.09
08-03,3/1/1988,145,191.57
08-03,4/1/1988,135,195.61
08-03,5/1/1988,123,199.42
08-03,6/1/1988,135,203.47
08-03,7/1/1988,179,209.00
08-03,8/1/1988,183,214.66
08-03,9/1/1988,135,218.71
08-03,10/1/1988,182,224.34
08-03,11/1/1988,180,229.73
08-03,12/1/1988,179,235.29
08-03,1/1/1989,170,240.56
08-03,2/1/1989,175,245.45
08-03,3/1/1989,165,250.56
08-03,4/1/1989,173,255.76
08-03,5/1/1989,170,261.01
08-03,6/1/1989,173,266.20
08-03,7/1/1989,158,271.11
08-03,8/1/1989,160,276.06
08-03,9/1/1989,156,280.74
08-03,10/1/1989,163,285.79
08-03,11/1/1989,166,290.76
08-03,12/1/1989,143,295.20
08-03,1/1/1990,146,299.73
08-03,2/1/1990,154,304.04
08-03,3/1/1990,151,308.72
08-03,4/1/1990,141,312.96
08-03,5/1/1990,155,317.75
08-03,6/1/1990,159,322.52
08-03,7/1/1990,152,327.23
08-03,8/1/1990,155,332.04
08-03,9/1/1990,154,336.65
08-03,10/1/1990,126,340.54
08-03,11/1/1990,131,344.46
08-03,12/1/1990,160,349.43
08-03,1/1/1991,148,354.03
08-03,2/1/1991,149,358.21
08-03,3/1/1991,150,362.84
08-03,4/1/1991,146,367.22
08-03,5/1/1991,139,371.53
08-03,6/1/1991,96,374.41
08-03,7/1/1991,133,378.54
08-03,8/1/1991,135,382.73
08-03,9/1/1991,137,386.84
08-03,10/1/1991,140,391.19
08-03,11/1/1991,127,395.01
08-03,12/1/1991,118,398.66
08-03,1/1/1992,122,402.44
08-03,2/1/1992,120,405.91
08-03,3/1/1992,117,409.53
08-03,4/1/1992,118,413.07
08-03,5/1/1992,121,416.82
08-03,6/1/1992,105,419.96
08-03,7/1/1992,115,423.52
08-03,8/1/1992,111,426.96
08-03,9/1/1992,103,430.06
08-03,10/1/1992,108,433.41
08-03,11/1/1992,123,437.10
08-03,12/1/1992,89,439.88
08-03,1/1/1993,90,442.68
08-03,2/1/1993,93,445.27
08-03,3/1/1993,97,448.29
08-03,4/1/1993,85,450.85
08-03,5/1/1993,97,453.87
08-03,6/1/1993,101,456.89
08-03,7/1/1993,107,460.20
08-03,8/1/1993,101,463.33
08-03,9/1/1993,101,466.36
08-03,10/1/1993,95,469.31
08-03,11/1/1993,102,472.36
08-03,12/1/1993,98,475.39
08-03,1/1/1994,98,478.42
08-03,2/1/1994,108,481.45
08-03,3/1/1994,98,484.49
09-02,1/1/1979,127,3.94
09-02,2/1/1979,129,7.55
09-02,3/1/1979,317,17.37
09-02,4/1/1979,303,26.45
09-02,5/1/1979,293,35.53
09-02,6/1/1979,450,49.02
09-02,7/1/1979,429,62.32
09-02,8/1/1979,429,75.62
09-02,9/1/1979,437,88.74
09-02,10/1/1979,403,101.24
09-02,11/1/1979,316,110.73
09-02,12/1/1979,396,123.00
09-02,1/1/1980,384,134.92
09-02,2/1/1980,358,145.29
09-02,3/1/1980,327,155.41
09-02,4/1/1980,342,165.67
09-02,5/1/1980,331,175.93
09-02,6/1/1980,331,185.87
09-02,7/1/1980,312,195.54
09-02,8/1/1980,195,201.59
09-02,9/1/1980,237,208.69
09-02,10/1/1980,229,215.79
09-02,11/1/1980,237,222.89
09-02,12/1/1980,229,229.99
09-02,1/1/1981,229,237.09
09-02,2/1/1981,254,244.19
09-02,3/1/1981,229,251.29
09-02,4/1/1981,237,258.39
09-02,5/1/1981,229,265.49
09-02,6/1/1981,234,272.52
09-02,7/1/1981,211,279.05
09-02,8/1/1981,217,285.78
09-02,9/1/1981,228,292.62
09-02,12/1/1981,230,299.75
09-02,1/1/1982,236,307.08
09-02,2/1/1982,251,314.11
09-02,3/1/1982,224,321.04
09-02,4/1/1982,254,328.67
09-02,5/1/1982,236,336.00
09-02,6/1/1982,234,343.04
09-02,7/1/1982,224,349.97
09-02,10/1/1982,217,356.70
09-02,3/1/1983,214,363.33
09-02,4/1/1983,208,369.56
09-02,5/1/1983,191,375.49
09-02,6/1/1983,191,381.22
09-02,10/1/1983,182,386.85
09-02,11/1/1983,184,392.39
09-02,12/1/1983,175,397.81
09-02,1/1/1984,175,403.24
09-02,2/1/1984,187,408.66
09-02,3/1/1984,188,414.48
09-02,4/1/1984,165,419.42
09-02,5/1/1984,135,423.60
09-02,7/1/1984,150,428.26
09-02,8/1/1984,139,432.58
09-02,9/1/1984,144,436.89
09-02,10/1/1984,139,441.21
09-02,11/1/1984,144,445.53
09-02,12/1/1984,165,450.65
09-02,1/1/1985,128,454.63
09-02,2/1/1985,142,458.60
09-02,3/1/1985,128,462.58
09-02,4/1/1985,163,467.46
09-02,5/1/1985,158,472.35
09-02,6/1/1985,107,475.55
09-02,7/1/1985,103,478.76
09-02,8/1/1985,103,481.96
09-02,9/1/1985,93,484.75
09-02,10/1/1985,90,487.53
09-02,11/1/1985,114,490.94
09-02,12/1/1985,108,494.29
09-02,1/1/1986,70,496.45
09-02,2/1/1986,105,499.38
09-02,3/1/1986,94,502.31
09-02,4/1/1986,98,505.23
09-02,5/1/1986,94,508.16
09-02,6/1/1986,98,511.09
09-02,7/1/1986,94,514.02
09-02,8/1/1986,85,516.66
09-02,9/1/1986,120,520.25
09-02,10/1/1986,81,522.76
09-02,11/1/1986,83,525.26
09-02,12/1/1986,93,528.15
09-02,1/1/1987,85,530.78
09-02,2/1/1987,94,533.42
09-02,3/1/1987,85,536.05
09-02,4/1/1987,88,538.68
09-02,5/1/1987,82,541.23
09-02,6/1/1987,85,543.77
09-02,7/1/1987,82,546.32
09-02,8/1/1987,82,548.86
09-02,9/1/1987,64,550.79
09-02,10/1/1987,62,552.72
09-02,11/1/1987,64,554.64
09-02,12/1/1987,62,556.57
09-02,1/1/1988,62,558.50
09-02,2/1/1988,66,560.43
09-02,3/1/1988,40,561.67
09-02,4/1/1988,41,562.91
09-02,5/1/1988,45,564.30
09-02,6/1/1988,46,565.68
09-02,7/1/1988,45,567.07
09-02,8/1/1988,51,568.65
09-02,9/1/1988,53,570.24
09-02,10/1/1988,47,571.69
09-02,11/1/1988,45,573.05
09-02,12/1/1988,44,574.40
09-02,1/1/1989,40,575.65
09-02,2/1/1989,49,577.01
09-02,3/1/1989,45,578.39
09-02,4/1/1989,46,579.78
09-02,5/1/1989,44,581.15
09-02,6/1/1989,43,582.45
09-02,7/1/1989,40,583.69
09-02,8/1/1989,41,584.97
09-02,9/1/1989,40,586.16
09-02,10/1/1989,36,587.29
09-02,11/1/1989,38,588.42
09-02,12/1/1989,42,589.71
09-02,1/1/1990,42,591.00
09-02,2/1/1990,44,592.23
09-02,3/1/1990,35,593.32
09-02,4/1/1990,36,594.40
09-02,5/1/1990,38,595.57
09-02,6/1/1990,39,596.75
09-02,7/1/1990,41,598.01
09-02,8/1/1990,41,599.26
09-02,9/1/1990,49,600.75
09-02,10/1/1990,43,602.07
09-02,11/1/1990,45,603.41
09-02,12/1/1990,50,604.97
09-02,1/1/1991,46,606.41
09-02,2/1/1991,45,607.66
09-02,3/1/1991,46,609.08
09-02,4/1/1991,44,610.40
09-02,5/1/1991,44,611.77
09-02,6/1/1991,46,613.14
09-02,7/1/1991,42,614.44
09-02,8/1/1991,39,615.65
09-02,9/1/1991,38,616.80
09-02,10/1/1991,37,617.94
09-02,11/1/1991,38,619.07
09-02,12/1/1991,38,620.23
09-02,1/1/1992,35,621.31
09-02,2/1/1992,35,622.33
09-02,3/1/1992,34,623.38
09-02,4/1/1992,35,624.43
09-02,5/1/1992,34,625.49
09-02,6/1/1992,26,626.27
09-02,7/1/1992,32,627.26
09-02,8/1/1992,31,628.22
09-02,9/1/1992,30,629.11
09-02,10/1/1992,31,630.08
09-02,11/1/1992,32,631.05
09-02,12/1/1992,26,631.86
09-02,1/1/1993,30,632.78
09-02,2/1/1993,31,633.65
09-02,3/1/1993,29,634.56
09-02,4/1/1993,29,635.44
09-02,5/1/1993,30,636.37
09-02,6/1/1993,31,637.30
09-02,7/1/1993,31,638.26
09-02,8/1/1993,29,639.15
09-02,9/1/1993,31,640.09
09-02,10/1/1993,25,640.87
09-02,11/1/1993,26,641.65
09-02,12/1/1993,25,642.42
09-02,1/1/1994,25,643.18
09-02,2/1/1994,27,643.94
09-02,3/1/1994,25,644.70
09-03,6/1/1981,57,1.71
09-03,7/1/1981,74,4.00
09-03,8/1/1981,67,6.07
09-03,9/1/1981,113,9.47
09-03,10/1/1981,166,14.60
09-03,11/1/1981,148,19.05
09-03,12/1/1981,160,24.01
09-03,1/1/1982,158,28.91
09-03,2/1/1982,189,34.20
09-03,3/1/1982,185,39.93
09-03,4/1/1982,118,43.49
09-03,5/1/1982,169,48.74
09-03,6/1/1982,152,53.31
09-03,7/1/1982,129,57.32
09-03,8/1/1982,120,61.04
09-03,9/1/1982,163,65.92
09-03,10/1/1982,153,70.66
09-03,11/1/1982,130,74.56
09-03,12/1/1982,131,78.64
09-03,1/1/1983,112,82.12
09-03,2/1/1983,148,86.27
09-03,3/1/1983,141,90.63
09-03,4/1/1983,137,94.74
09-03,5/1/1983,124,98.60
09-03,6/1/1983,102,101.65
09-03,7/1/1983,121,105.42
09-03,8/1/1983,121,109.16
09-03,9/1/1983,82,111.60
09-03,10/1/1983,79,114.05
09-03,11/1/1983,121,117.69
09-03,12/1/1983,122,121.49
09-03,1/1/1984,115,125.05
09-03,2/1/1984,119,128.49
09-03,3/1/1984,56,130.24
09-03,4/1/1984,56,131.91
09-03,5/1/1984,48,133.40
09-03,6/1/1984,55,135.05
09-03,7/1/1984,45,136.45
09-03,8/1/1984,39,137.66
09-03,9/1/1984,40,138.87
09-03,10/1/1984,47,140.33
09-03,11/1/1984,49,141.78
09-03,12/1/1984,47,143.24
09-03,1/1/1985,47,144.70
09-03,2/1/1985,41,145.85
09-03,3/1/1985,74,148.16
09-03,4/1/1985,77,150.46
09-03,5/1/1985,74,152.77
09-03,6/1/1985,77,155.08
09-03,7/1/1985,91,157.89
09-03,8/1/1985,91,160.73
09-03,9/1/1985,94,163.56
09-03,10/1/1985,91,166.39
09-03,11/1/1985,92,169.17
09-03,12/1/1985,96,172.15
09-03,1/1/1986,89,174.90
09-03,2/1/1986,105,177.84
09-03,3/1/1986,103,181.03
09-03,4/1/1986,71,183.15
09-03,5/1/1986,83,185.72
09-03,6/1/1986,75,187.98
09-03,7/1/1986,73,190.23
09-03,8/1/1986,73,192.48
09-03,9/1/1986,80,194.88
09-03,12/1/1986,86,197.54
09-03,1/1/1987,86,200.21
09-03,2/1/1987,79,202.42
09-03,3/1/1987,71,204.63
09-03,4/1/1987,74,206.84
09-03,5/1/1987,64,208.81
09-03,6/1/1987,73,211.00
09-03,7/1/1987,73,213.25
09-03,8/1/1987,80,215.72
09-03,9/1/1987,82,218.18
09-03,10/1/1987,79,220.63
09-03,11/1/1987,52,222.20
09-03,12/1/1987,51,223.76
09-03,1/1/1988,51,225.33
09-03,2/1/1988,44,226.60
09-03,4/1/1988,21,227.24
09-03,5/1/1988,21,227.87
09-03,6/1/1988,29,228.73
09-03,7/1/1988,32,229.73
09-03,8/1/1988,32,230.73
09-03,9/1/1988,32,231.70
09-03,10/1/1988,34,232.76
09-03,11/1/1988,32,233.71
09-03,12/1/1988,3,233.80
09-03,3/1/1990,22,234.49
09-03,4/1/1990,23,235.18
09-03,6/1/1990,6,235.37
09-03,11/1/1990,7,235.59
09-04,10/1/1984,18,0.56
09-04,11/1/1984,255,8.21
09-04,12/1/1984,243,15.75
09-04,1/1/1985,240,23.20
09-04,2/1/1985,259,30.45
09-04,3/1/1985,224,37.40
09-04,4/1/1985,225,44.14
09-04,5/1/1985,208,50.59
09-04,6/1/1985,198,56.54
09-04,7/1/1985,179,62.08
09-04,8/1/1985,185,67.83
09-04,9/1/1985,185,73.38
09-04,10/1/1985,174,78.77
09-04,11/1/1985,175,84.01
09-04,12/1/1985,166,89.16
09-04,1/1/1986,164,94.24
09-04,2/1/1986,139,98.13
09-04,3/1/1986,183,103.81
09-04,4/1/1986,172,108.98
09-04,5/1/1986,178,114.49
09-04,6/1/1986,155,119.15
09-04,7/1/1986,143,123.58
09-04,8/1/1986,152,128.29
09-04,9/1/1986,149,132.77
09-04,10/1/1986,141,137.15
09-04,11/1/1986,143,141.43
09-04,12/1/1986,135,145.61
09-04,1/1/1987,129,149.62
09-04,3/1/1987,126,153.53
09-04,4/1/1987,127,157.35
09-04,5/1/1987,121,161.09
09-04,6/1/1987,125,164.82
09-04,7/1/1987,121,168.56
09-04,8/1/1987,95,171.51
09-04,9/1/1987,98,174.45
09-04,10/1/1987,110,177.87
09-04,11/1/1987,108,181.11
09-04,1/1/1988,101,184.24
09-04,2/1/1988,108,187.38
09-04,3/1/1988,98,190.42
09-04,4/1/1988,98,193.36
09-04,5/1/1988,92,196.22
09-04,6/1/1988,94,199.04
09-04,7/1/1988,84,201.66
09-04,8/1/1988,84,204.27
09-04,9/1/1988,55,205.92
09-04,10/1/1988,71,208.11
09-04,11/1/1988,59,209.88
09-04,12/1/1988,72,212.11
09-04,1/1/1989,89,214.86
09-04,2/1/1989,98,217.62
09-04,3/1/1989,89,220.37
09-04,4/1/1989,57,222.09
09-04,5/1/1989,56,223.81
09-04,6/1/1989,66,225.79
09-04,7/1/1989,64,227.76
09-04,8/1/1989,84,230.38
09-04,9/1/1989,91,233.10
09-04,10/1/1989,87,235.78
09-04,11/1/1989,95,238.64
09-04,12/1/1989,91,241.46
09-04,1/1/1990,111,244.91
09-04,2/1/1990,122,248.31
09-04,3/1/1990,110,251.71
09-04,4/1/1990,109,254.98
09-04,5/1/1990,83,257.56
09-04,6/1/1990,92,260.32
09-04,7/1/1990,89,263.09
09-04,8/1/1990,85,265.72
09-04,9/1/1990,109,268.97
09-04,10/1/1990,118,272.63
09-04,11/1/1990,100,275.65
09-04,12/1/1990,117,279.27
09-04,1/1/1991,109,282.64
09-04,2/1/1991,108,285.66
09-04,3/1/1991,97,288.68
09-04,4/1/1991,85,291.24
09-04,5/1/1991,78,293.66
09-04,6/1/1991,107,296.88
09-04,7/1/1991,107,300.19
09-04,8/1/1991,86,302.86
09-04,9/1/1991,92,305.62
09-04,10/1/1991,100,308.73
09-04,11/1/1991,86,311.31
09-04,12/1/1991,98,314.34
09-04,1/1/1992,100,317.44
09-04,2/1/1992,91,320.08
09-04,3/1/1992,99,323.16
09-04,4/1/1992,84,325.67
09-04,5/1/1992,74,327.97
09-04,6/1/1992,84,330.48
09-04,7/1/1992,86,333.13
09-04,8/1/1992,90,335.92
09-04,9/1/1992,87,338.54
09-04,10/1/1992,90,341.32
09-04,11/1/1992,84,343.83
09-04,12/1/1992,80,346.32
09-04,1/1/1993,77,348.72
09-04,2/1/1993,84,351.08
09-04,3/1/1993,68,353.20
09-04,4/1/1993,67,355.22
09-04,5/1/1993,62,357.15
09-04,6/1/1993,64,359.08
09-04,7/1/1993,64,361.07
09-04,8/1/1993,61,362.96
09-04,9/1/1993,61,364.78
09-04,10/1/1993,52,366.40
09-04,11/1/1993,68,368.46
09-04,12/1/1993,62,370.38
09-04,1/1/1994,59,372.21
09-04,2/1/1994,55,373.74
09-04,3/1/1994,49,375.27
10-02,9/1/1979,703,21.08
10-02,10/1/1979,948,50.45
10-02,11/1/1979,946,78.84
10-02,12/1/1979,898,106.67
10-02,1/1/1980,898,134.50
10-02,2/1/1980,883,160.10
10-02,3/1/1980,782,184.34
10-02,4/1/1980,798,208.28
10-02,5/1/1980,637,228.02
10-02,6/1/1980,613,246.40
10-02,7/1/1980,561,263.78
10-02,8/1/1980,561,281.16
10-02,9/1/1980,546,297.55
10-02,10/1/1980,496,312.93
10-02,11/1/1980,513,328.31
10-02,12/1/1980,464,342.70
10-02,1/1/1981,432,356.08
10-02,2/1/1981,442,368.46
10-02,3/1/1981,367,379.85
10-02,5/1/1981,367,391.23
10-02,6/1/1981,379,402.61
10-02,7/1/1981,367,413.99
10-02,9/1/1981,379,425.38
10-02,11/1/1981,366,436.36
10-02,12/1/1981,354,447.34
10-02,1/1/1982,354,458.32
10-02,2/1/1982,392,469.30
10-02,3/1/1982,354,480.28
10-02,4/1/1982,366,491.26
10-02,5/1/1982,354,502.24
10-02,6/1/1982,366,513.22
10-02,7/1/1982,354,524.20
10-02,8/1/1982,333,534.52
10-02,9/1/1982,362,545.38
10-02,10/1/1982,389,557.44
10-02,11/1/1982,326,567.22
10-02,12/1/1982,290,576.20
10-02,2/1/1983,321,585.17
10-02,4/1/1983,299,594.15
10-02,5/1/1983,392,606.31
10-02,6/1/1983,355,616.96
10-02,7/1/1983,359,628.07
10-02,8/1/1983,315,637.83
10-02,9/1/1983,278,646.19
10-02,10/1/1983,338,656.65
10-02,11/1/1983,340,666.84
10-02,12/1/1983,334,677.20
10-02,1/1/1984,298,686.45
10-02,2/1/1984,311,695.47
10-02,3/1/1984,264,703.67
10-02,4/1/1984,287,712.29
10-02,5/1/1984,297,721.51
10-02,6/1/1984,313,730.90
10-02,7/1/1984,288,739.84
10-02,8/1/1984,232,747.03
10-02,9/1/1984,292,755.81
10-02,10/1/1984,285,764.65
10-02,11/1/1984,288,773.28
10-02,12/1/1984,278,781.91
10-02,1/1/1985,270,790.26
10-02,2/1/1985,298,798.62
10-02,3/1/1985,251,806.39
10-02,4/1/1985,271,814.52
10-02,5/1/1985,260,822.57
10-02,6/1/1985,280,830.98
10-02,7/1/1985,259,839.01
10-02,8/1/1985,218,845.78
10-02,9/1/1985,250,853.28
10-02,10/1/1985,242,860.79
10-02,11/1/1985,186,866.37
10-02,12/1/1985,173,871.73
10-02,1/1/1986,173,877.08
10-02,2/1/1986,191,882.43
10-02,3/1/1986,173,887.78
10-02,4/1/1986,178,893.13
10-02,5/1/1986,120,896.84
10-02,6/1/1986,201,902.88
10-02,7/1/1986,189,908.72
10-02,8/1/1986,189,914.57
10-02,9/1/1986,205,920.71
10-02,10/1/1986,150,925.35
10-02,11/1/1986,169,930.43
10-02,12/1/1986,122,934.20
10-02,2/1/1987,135,937.97
10-02,3/1/1987,150,942.63
10-02,4/1/1987,155,947.30
10-02,5/1/1987,150,951.96
10-02,6/1/1987,209,958.24
10-02,7/1/1987,192,964.19
10-02,8/1/1987,202,970.46
10-02,9/1/1987,198,976.40
10-02,10/1/1987,198,982.54
10-02,11/1/1987,163,987.45
10-02,12/1/1987,129,991.43
10-02,1/1/1988,135,995.60
10-02,2/1/1988,144,999.77
10-02,3/1/1988,126,1003.67
10-02,4/1/1988,139,1007.83
10-02,5/1/1988,135,1012.03
10-02,6/1/1988,136,1016.11
10-02,7/1/1988,133,1020.25
10-02,8/1/1988,122,1024.03
10-02,9/1/1988,117,1027.54
10-02,10/1/1988,126,1031.45
10-02,11/1/1988,124,1035.16
10-02,12/1/1988,122,1038.93
10-02,1/1/1989,127,1042.87
10-02,2/1/1989,123,1046.30
10-02,3/1/1989,125,1050.16
10-02,4/1/1989,123,1053.86
10-02,5/1/1989,120,1057.58
10-02,6/1/1989,125,1061.33
10-02,7/1/1989,127,1065.26
10-02,8/1/1989,124,1069.11
10-02,9/1/1989,123,1072.79
10-02,10/1/1989,133,1076.92
10-02,11/1/1989,128,1080.77
10-02,12/1/1989,124,1084.60
10-02,1/1/1990,129,1088.61
10-02,2/1/1990,122,1092.02
10-02,3/1/1990,118,1095.68
10-02,4/1/1990,115,1099.13
10-02,5/1/1990,127,1103.08
10-02,6/1/1990,112,1106.44
10-02,7/1/1990,117,1110.06
10-02,8/1/1990,118,1113.72
10-02,9/1/1990,127,1117.54
10-02,10/1/1990,123,1121.36
10-02,11/1/1990,116,1124.85
10-02,12/1/1990,108,1128.20
10-02,1/1/1991,101,1131.33
10-02,2/1/1991,124,1134.80
10-02,3/1/1991,122,1138.58
10-02,4/1/1991,120,1142.18
10-02,5/1/1991,124,1146.03
10-02,6/1/1991,128,1149.87
10-02,7/1/1991,113,1153.37
10-02,8/1/1991,113,1156.88
10-02,9/1/1991,113,1160.25
10-02,10/1/1991,120,1163.96
10-02,11/1/1991,115,1167.42
10-02,12/1/1991,102,1170.58
10-02,1/1/1992,103,1173.78
10-02,2/1/1992,104,1176.81
10-02,3/1/1992,104,1180.03
10-02,4/1/1992,107,1183.24
10-02,5/1/1992,114,1186.78
10-02,6/1/1992,118,1190.31
10-02,7/1/1992,98,1193.34
10-02,8/1/1992,98,1196.37
10-02,9/1/1992,100,1199.37
10-02,10/1/1992,114,1202.92
10-02,11/1/1992,116,1206.40
10-02,12/1/1992,103,1209.60
10-02,1/1/1993,102,1212.75
10-02,2/1/1993,98,1215.49
10-02,3/1/1993,96,1218.46
10-02,4/1/1993,94,1221.28
10-02,5/1/1993,94,1224.20
10-02,6/1/1993,77,1226.50
10-02,7/1/1993,87,1229.20
10-02,8/1/1993,91,1232.02
10-02,9/1/1993,71,1234.16
10-02,10/1/1993,85,1236.80
10-02,11/1/1993,80,1239.20
10-02,12/1/1993,75,1241.51
10-02,1/1/1994,75,1243.82
10-02,2/1/1994,83,1246.14
10-02,3/1/1994,71,1248.35
10-03,12/1/1984,9,0.27
10-03,1/1/1985,12,0.65
10-03,2/1/1985,41,1.79
10-03,3/1/1985,24,2.52
10-03,4/1/1985,57,4.22
10-03,5/1/1985,53,5.85
10-03,6/1/1985,75,8.10
10-03,7/1/1985,73,10.36
10-03,8/1/1985,84,12.97
10-03,9/1/1985,94,15.80
10-03,10/1/1985,70,17.95
10-03,11/1/1985,83,20.43
10-03,12/1/1985,80,22.91
10-03,1/1/1986,80,25.40
10-03,2/1/1986,54,26.91
10-03,3/1/1986,63,28.86
10-03,4/1/1986,65,30.81
10-03,5/1/1986,67,32.90
10-03,6/1/1986,70,34.99
10-03,7/1/1986,69,37.14
10-03,8/1/1986,73,39.40
10-03,9/1/1986,60,41.20
10-03,10/1/1986,71,43.39
10-03,11/1/1986,75,45.64
10-03,12/1/1986,71,47.85
10-03,1/1/1987,80,50.33
10-03,2/1/1987,89,52.81
10-03,3/1/1987,74,55.10
10-03,4/1/1987,70,57.21
10-03,5/1/1987,68,59.33
10-03,6/1/1987,60,61.13
10-03,7/1/1987,72,63.36
10-03,8/1/1987,67,65.44
10-03,9/1/1987,46,66.83
10-03,10/1/1987,56,68.55
10-03,11/1/1987,60,70.34
10-03,12/1/1987,58,72.14
10-03,1/1/1988,56,73.86
10-03,2/1/1988,55,75.46
10-03,3/1/1988,40,76.71
10-03,4/1/1988,46,78.09
10-03,5/1/1988,32,79.10
10-03,6/1/1988,33,80.08
10-03,7/1/1988,36,81.20
10-03,8/1/1988,43,82.55
10-03,9/1/1988,45,83.90
10-03,10/1/1988,46,85.32
10-03,11/1/1988,45,86.68
10-03,12/1/1988,45,88.08
10-03,1/1/1989,46,89.51
10-03,2/1/1989,50,90.91
10-03,3/1/1989,47,92.36
10-03,4/1/1989,51,93.90
10-03,5/1/1989,50,95.44
10-03,6/1/1989,46,96.82
10-03,7/1/1989,46,98.23
10-03,8/1/1989,44,99.59
10-03,9/1/1989,38,100.72
10-03,10/1/1989,38,101.91
10-03,11/1/1989,41,103.15
10-03,12/1/1989,44,104.51
10-03,1/1/1990,34,105.58
10-03,2/1/1990,43,106.79
10-03,3/1/1990,38,107.96
10-03,4/1/1990,36,109.04
10-03,5/1/1990,42,110.34
10-03,6/1/1990,43,111.64
10-03,7/1/1990,43,112.95
10-03,8/1/1990,39,114.17
10-03,9/1/1990,31,115.10
10-03,10/1/1990,31,116.06
10-03,11/1/1990,28,116.90
10-03,12/1/1990,27,117.73
10-03,1/1/1991,36,118.85
10-03,2/1/1991,33,119.77
10-03,3/1/1991,37,120.92
10-03,4/1/1991,38,122.05
10-03,5/1/1991,37,123.19
10-03,6/1/1991,28,124.04
10-03,7/1/1991,39,125.25
10-03,8/1/1991,36,126.37
10-03,9/1/1991,31,127.28
10-03,10/1/1991,31,128.23
10-03,11/1/1991,28,129.08
10-03,12/1/1991,27,129.92
10-03,1/1/1992,35,131.02
10-03,2/1/1992,33,131.98
10-03,3/1/1992,32,132.97
10-03,4/1/1992,33,133.96
10-03,5/1/1992,29,134.87
10-03,6/1/1992,23,135.57
10-03,7/1/1992,27,136.42
10-03,8/1/1992,25,137.20
10-03,9/1/1992,24,137.93
10-03,10/1/1992,29,138.83
10-03,11/1/1992,37,139.94
10-03,12/1/1992,40,141.16
10-03,1/1/1993,39,142.36
10-03,2/1/1993,37,143.39
10-03,3/1/1993,34,144.46
10-03,4/1/1993,35,145.50
10-03,5/1/1993,34,146.56
10-03,6/1/1993,35,147.62
10-03,7/1/1993,35,148.71
10-03,8/1/1993,33,149.73
10-03,9/1/1993,34,150.74
10-03,10/1/1993,32,151.74
10-03,11/1/1993,35,152.78
10-03,12/1/1993,32,153.78
10-03,1/1/1994,32,154.78
10-03,2/1/1994,36,155.77
10-03,3/1/1994,32,156.77
11-02,10/1/1983,183,5.67
11-02,11/1/1983,168,10.71
11-02,12/1/1983,148,15.30
11-02,1/1/1984,126,19.21
11-02,4/1/1984,113,22.59
11-02,5/1/1984,88,25.32
11-02,6/1/1984,91,28.05
11-02,7/1/1984,88,30.78
11-02,8/1/1984,88,33.50
11-02,1/1/1985,153,38.23
11-02,2/1/1985,162,42.76
11-02,3/1/1985,142,47.16
11-02,4/1/1985,143,51.46
11-02,5/1/1985,134,55.62
11-02,6/1/1985,136,59.69
11-02,7/1/1985,128,63.66
11-02,8/1/1985,116,67.24
11-02,9/1/1985,119,70.83
11-02,10/1/1985,111,74.27
11-02,11/1/1985,80,76.67
11-02,12/1/1985,77,79.07
11-02,1/1/1986,77,81.47
11-02,2/1/1986,86,83.87
11-02,3/1/1986,77,86.27
11-02,4/1/1986,80,88.67
11-02,5/1/1986,68,90.77
11-02,6/1/1986,94,93.60
11-02,7/1/1986,89,96.35
11-02,8/1/1986,89,99.11
11-02,9/1/1986,109,102.38
11-02,10/1/1986,79,104.84
11-02,11/1/1986,100,107.83
11-02,12/1/1986,70,109.99
11-02,1/1/1987,76,112.35
11-02,2/1/1987,87,114.78
11-02,3/1/1987,79,117.21
11-02,4/1/1987,100,120.21
11-02,5/1/1987,97,123.22
11-02,6/1/1987,87,125.83
11-02,7/1/1987,90,128.61
11-02,8/1/1987,63,130.58
11-02,9/1/1987,81,133.00
11-02,10/1/1987,75,135.34
11-02,11/1/1987,59,137.10
11-02,12/1/1987,50,138.67
11-02,1/1/1988,57,140.42
11-02,2/1/1988,51,141.89
11-02,3/1/1988,55,143.60
11-02,4/1/1988,58,145.33
11-02,5/1/1988,56,147.07
11-02,6/1/1988,52,148.64
11-02,7/1/1988,52,150.24
11-02,8/1/1988,51,151.81
11-02,9/1/1988,48,153.25
11-02,10/1/1988,53,154.88
11-02,11/1/1988,53,156.46
11-02,12/1/1988,52,158.08
11-02,1/1/1989,53,159.72
11-02,2/1/1989,55,161.25
11-02,3/1/1989,56,162.98
11-02,4/1/1989,59,164.74
11-02,5/1/1989,56,166.48
11-02,6/1/1989,57,168.18
11-02,7/1/1989,55,169.90
11-02,8/1/1989,56,171.64
11-02,9/1/1989,54,173.28
11-02,10/1/1989,57,175.05
11-02,11/1/1989,53,176.66
11-02,12/1/1989,55,178.36
11-02,1/1/1990,54,180.03
11-02,2/1/1990,55,181.57
11-02,3/1/1990,53,183.21
11-02,4/1/1990,53,184.80
11-02,5/1/1990,42,186.10
11-02,6/1/1990,43,187.40
11-02,7/1/1990,49,188.90
11-02,8/1/1990,47,190.35
11-02,9/1/1990,48,191.79
11-02,10/1/1990,49,193.31
11-02,11/1/1990,44,194.63
11-02,12/1/1990,40,195.86
11-02,1/1/1991,37,197.02
11-02,2/1/1991,46,198.32
11-02,3/1/1991,39,199.53
11-02,4/1/1991,40,200.75
11-02,5/1/1991,46,202.19
11-02,6/1/1991,48,203.63
11-02,7/1/1991,44,204.98
11-02,8/1/1991,44,206.33
11-02,9/1/1991,38,207.48
11-02,10/1/1991,37,208.63
11-02,11/1/1991,38,209.78
11-02,12/1/1991,37,210.92
11-02,1/1/1992,39,212.12
11-02,2/1/1992,37,213.19
11-02,3/1/1992,41,214.46
11-02,4/1/1992,39,215.63
11-02,5/1/1992,38,216.81
11-02,6/1/1992,39,217.99
11-02,7/1/1992,42,219.29
11-02,8/1/1992,41,220.57
11-02,9/1/1992,44,221.90
11-02,10/1/1992,42,223.19
11-02,11/1/1992,43,224.49
11-02,12/1/1992,45,225.88
11-02,1/1/1993,42,227.19
11-02,2/1/1993,58,228.82
11-02,3/1/1993,52,230.44
11-02,4/1/1993,48,231.89
11-02,5/1/1993,46,233.31
11-02,6/1/1993,47,234.73
11-02,7/1/1993,45,236.12
11-02,8/1/1993,48,237.60
11-02,9/1/1993,38,238.74
11-02,10/1/1993,41,240.02
11-02,11/1/1993,44,241.33
11-02,12/1/1993,41,242.59
11-02,1/1/1994,41,243.85
11-02,2/1/1994,45,245.10
11-02,3/1/1994,41,246.36
11-03,1/1/1979,110,3.40
11-03,2/1/1979,104,6.31
11-03,3/1/1979,101,9.46
11-03,4/1/1979,87,12.06
11-03,5/1/1979,89,14.82
11-03,6/1/1979,80,17.21
11-03,7/1/1979,101,20.35
11-03,8/1/1979,87,23.04
11-03,9/1/1979,103,26.12
11-03,10/1/1979,88,28.86
11-03,11/1/1979,82,31.33
11-03,12/1/1979,94,34.23
11-03,1/1/1980,95,37.17
11-03,2/1/1980,96,39.95
11-03,3/1/1980,98,42.98
11-03,4/1/1980,77,45.28
11-03,5/1/1980,75,47.59
11-03,6/1/1980,88,50.24
11-03,7/1/1980,77,52.63
11-03,8/1/1980,75,54.95
11-03,9/1/1980,77,57.27
11-03,10/1/1980,70,59.45
11-03,11/1/1980,59,61.24
11-03,12/1/1980,62,63.17
11-03,1/1/1981,61,65.04
11-03,2/1/1981,61,66.76
11-03,3/1/1981,57,68.54
11-03,4/1/1981,50,70.03
11-03,5/1/1981,34,71.08
11-03,6/1/1981,47,72.48
11-03,7/1/1981,42,73.77
11-03,8/1/1981,47,75.22
11-03,9/1/1981,43,76.53
11-03,10/1/1981,41,77.79
11-03,11/1/1981,40,78.99
11-03,12/1/1981,39,80.19
11-03,1/1/1982,30,81.12
11-03,2/1/1982,32,82.01
11-03,3/1/1982,27,82.84
11-03,4/1/1982,35,83.88
11-03,5/1/1982,34,84.92
11-03,6/1/1982,35,85.96
11-03,11/1/1982,35,87.01
11-03,12/1/1982,34,88.05
11-03,9/1/1985,35,89.09
11-03,10/1/1985,21,89.76
11-03,11/1/1986,25,90.50
11-03,12/1/1986,28,91.37
11-03,1/1/1987,32,92.37
11-03,2/1/1987,33,93.29
11-03,3/1/1987,28,94.15
11-03,4/1/1987,26,94.95
11-03,5/1/1987,23,95.65
11-03,6/1/1987,20,96.24
11-03,7/1/1987,21,96.88
11-03,8/1/1987,22,97.56
11-03,9/1/1987,18,98.10
11-03,10/1/1987,16,98.58
11-03,11/1/1987,17,99.09
11-03,12/1/1987,16,99.60
11-03,1/1/1988,16,100.10
11-03,2/1/1988,17,100.58
11-03,3/1/1988,12,100.96
11-03,4/1/1988,13,101.35
11-03,5/1/1988,12,101.73
11-03,6/1/1988,13,102.12
11-03,7/1/1988,8,102.37
11-03,8/1/1988,9,102.65
11-03,9/1/1988,7,102.87
11-03,10/1/1988,10,103.17
11-03,11/1/1988,9,103.43
11-03,12/1/1988,9,103.69
11-03,1/1/1989,10,104.00
11-03,2/1/1989,12,104.34
11-03,3/1/1989,11,104.68
11-03,4/1/1989,7,104.89
11-03,5/1/1989,9,105.16
11-03,6/1/1989,9,105.42
11-03,7/1/1989,8,105.69
11-03,8/1/1989,8,105.93
11-03,9/1/1989,8,106.16
11-03,10/1/1989,9,106.46
11-03,11/1/1989,8,106.69
11-03,12/1/1989,9,106.98
11-03,1/1/1990,8,107.22
11-03,2/1/1990,8,107.46
11-03,3/1/1990,8,107.71
11-03,4/1/1990,8,107.95
11-03,5/1/1990,8,108.20
11-03,6/1/1990,6,108.38
11-03,7/1/1990,7,108.58
11-03,8/1/1990,6,108.77
11-03,9/1/1990,6,108.95
11-03,10/1/1990,5,109.10
11-03,11/1/1990,0,109.11
12-02,1/1/1981,255,7.92
12-02,2/1/1981,470,21.07
12-02,3/1/1981,357,32.13
12-02,4/1/1981,385,43.67
12-02,5/1/1981,454,57.76
12-02,6/1/1981,469,71.84
12-02,7/1/1981,454,85.92
12-02,8/1/1981,487,101.01
12-02,9/1/1981,366,111.99
12-02,10/1/1981,354,122.96
12-02,11/1/1981,366,133.94
12-02,12/1/1981,354,144.92
12-02,1/1/1982,213,151.51
12-02,2/1/1982,308,160.15
12-02,3/1/1982,330,170.37
12-02,4/1/1982,250,177.86
12-02,5/1/1982,354,188.83
12-02,6/1/1982,366,199.80
12-02,7/1/1982,245,207.41
12-02,8/1/1982,232,214.61
12-02,9/1/1982,240,221.81
12-02,10/1/1982,232,229.01
12-02,11/1/1982,240,236.22
12-02,12/1/1982,250,243.96
12-02,1/1/1983,238,251.34
12-02,2/1/1983,235,257.94
12-02,3/1/1983,213,264.53
12-02,4/1/1983,205,270.67
12-02,5/1/1983,189,276.51
12-02,6/1/1983,195,282.35
12-02,7/1/1983,159,287.27
12-02,8/1/1983,161,292.27
12-02,9/1/1983,159,297.05
12-02,10/1/1983,154,301.83
12-02,11/1/1983,140,306.03
12-02,12/1/1983,134,310.18
12-02,1/1/1984,102,313.33
12-02,2/1/1984,118,316.75
12-02,3/1/1984,88,319.47
12-02,4/1/1984,99,322.45
12-02,5/1/1984,103,325.65
12-02,6/1/1984,96,328.52
12-02,7/1/1984,93,331.39
12-02,9/1/1984,85,333.95
12-02,10/1/1984,94,336.86
12-02,11/1/1984,85,339.41
12-02,1/1/1985,74,341.72
12-02,2/1/1985,92,344.28
12-02,3/1/1985,87,346.98
12-02,4/1/1985,90,349.67
12-02,5/1/1985,81,352.17
12-02,6/1/1985,93,354.96
12-02,7/1/1985,75,357.27
12-02,8/1/1985,84,359.87
12-02,9/1/1985,55,361.53
12-02,10/1/1985,68,363.64
12-02,11/1/1985,60,365.43
12-02,12/1/1985,58,367.22
12-02,1/1/1986,46,368.64
12-02,2/1/1986,51,370.06
12-02,3/1/1986,46,371.49
12-02,4/1/1986,47,372.91
12-02,5/1/1986,56,374.64
12-02,6/1/1986,63,376.53
12-02,7/1/1986,53,378.18
12-02,8/1/1986,54,379.85
12-02,9/1/1986,55,381.51
12-02,10/1/1986,37,382.67
12-02,11/1/1986,59,384.45
12-02,12/1/1986,57,386.23
12-02,2/1/1987,64,388.00
12-02,3/1/1987,57,389.78
12-02,4/1/1987,59,391.56
12-02,5/1/1987,57,393.34
12-02,6/1/1987,33,394.34
12-02,7/1/1987,46,395.77
12-02,8/1/1987,40,397.00
12-02,9/1/1987,33,397.98
12-02,10/1/1987,35,399.07
12-02,11/1/1987,37,400.19
12-02,12/1/1987,33,401.20
12-02,1/1/1988,30,402.15
12-02,2/1/1988,33,403.09
12-02,3/1/1988,30,404.04
12-02,4/1/1988,31,404.98
12-02,5/1/1988,51,406.57
12-02,6/1/1988,47,407.97
12-02,7/1/1988,43,409.31
12-02,8/1/1988,45,410.69
12-02,9/1/1988,43,412.00
12-02,10/1/1988,39,413.20
12-02,11/1/1988,38,414.32
12-02,12/1/1988,31,415.29
12-02,10/1/1990,26,416.09
12-02,11/1/1990,28,416.94
12-02,12/1/1990,27,417.79
12-02,1/1/1991,29,418.69
12-02,2/1/1991,31,419.57
12-02,3/1/1991,27,420.40
12-02,4/1/1991,28,421.24
12-02,5/1/1991,23,421.96
12-02,6/1/1991,24,422.69
12-02,7/1/1991,23,423.40
12-02,8/1/1991,22,424.10
12-02,9/1/1991,23,424.78
12-02,10/1/1991,22,425.46
12-02,11/1/1991,23,426.15
12-02,12/1/1991,23,426.86
12-02,1/1/1992,21,427.49
12-02,2/1/1992,20,428.07
12-02,3/1/1992,20,428.69
12-02,4/1/1992,21,429.32
12-02,5/1/1992,20,429.95
12-02,6/1/1992,20,430.54
12-02,7/1/1992,22,431.23
12-02,8/1/1992,22,431.91
12-02,9/1/1992,21,432.56
12-02,10/1/1992,21,433.20
12-02,11/1/1992,18,433.74
12-02,12/1/1992,17,434.28
12-02,1/1/1993,18,434.83
12-02,2/1/1993,19,435.37
12-02,3/1/1993,19,435.97
12-02,4/1/1993,18,436.50
12-02,5/1/1993,18,437.06
12-02,6/1/1993,18,437.61
12-02,7/1/1993,17,438.14
12-02,8/1/1993,16,438.64
12-02,9/1/1993,16,439.12
12-02,10/1/1993,15,439.59
12-02,11/1/1993,15,440.05
12-02,12/1/1993,13,440.46
12-02,1/1/1994,13,440.88
12-02,2/1/1994,14,441.28
12-02,3/1/1994,13,441.68
12-03,9/1/1984,129,3.87
12-03,10/1/1984,118,7.53
12-03,11/1/1984,100,10.53
12-03,12/1/1984,112,14.01
12-03,1/1/1985,103,17.20
12-03,2/1/1985,110,20.27
12-03,3/1/1985,93,23.14
12-03,4/1/1985,95,25.98
12-03,5/1/1985,80,28.46
12-03,6/1/1985,60,30.27
12-03,7/1/1985,58,32.07
12-03,8/1/1985,50,33.63
12-03,9/1/1985,48,35.08
12-03,10/1/1985,37,36.22
12-03,11/1/1985,49,37.70
12-03,12/1/1985,50,39.26
12-03,1/1/1986,50,40.81
12-03,2/1/1986,44,42.03
12-03,3/1/1986,33,43.06
12-03,4/1/1986,34,44.08
12-03,5/1/1986,33,45.11
12-03,6/1/1986,30,46.02
12-03,7/1/1986,22,46.70
12-03,8/1/1986,22,47.39
12-03,9/1/1986,26,48.17
12-03,10/1/1986,25,48.96
12-03,11/1/1986,32,49.91
12-03,12/1/1986,31,50.87
12-03,1/1/1987,31,51.82
12-03,2/1/1987,24,52.48
12-03,3/1/1987,26,53.27
12-03,4/1/1987,21,53.90
12-03,5/1/1987,21,54.56
12-03,6/1/1987,17,55.07
12-03,7/1/1987,23,55.78
12-03,8/1/1987,23,56.49
12-03,9/1/1987,21,57.13
12-03,10/1/1987,17,57.66
12-03,11/1/1987,16,58.14
12-03,12/1/1987,17,58.65
12-03,1/1/1988,12,59.02
12-03,2/1/1988,9,59.28
12-03,3/1/1988,8,59.54
12-03,4/1/1988,9,59.80
12-03,5/1/1988,8,60.06
12-03,6/1/1988,9,60.32
12-03,7/1/1988,8,60.58
12-03,8/1/1988,9,60.86
12-03,9/1/1988,9,61.12
12-03,10/1/1988,8,61.38
12-03,11/1/1988,2,61.45
12-36,10/1/1982,285,8.84
12-36,11/1/1982,270,16.95
12-36,12/1/1982,195,22.99
12-36,1/1/1983,217,29.72
12-36,2/1/1983,240,36.45
12-36,3/1/1983,217,43.18
12-36,4/1/1983,231,50.10
12-36,5/1/1983,202,56.37
12-36,6/1/1983,209,62.63
12-36,7/1/1983,202,68.90
12-36,8/1/1983,178,74.43
12-36,9/1/1983,173,79.61
12-36,10/1/1983,176,85.06
12-36,11/1/1983,251,92.59
12-36,12/1/1983,233,99.81
12-36,1/1/1984,228,106.89
12-36,2/1/1984,241,113.88
12-36,3/1/1984,204,120.22
12-36,4/1/1984,184,125.73
12-36,5/1/1984,178,131.25
12-36,7/1/1984,125,135.14
12-36,8/1/1984,153,139.87
12-36,9/1/1984,158,144.60
12-36,10/1/1984,229,151.69
12-36,11/1/1984,218,158.22
12-36,12/1/1984,211,164.75
12-36,1/1/1985,211,171.27
12-36,2/1/1985,233,177.80
12-36,3/1/1985,211,184.33
12-36,4/1/1985,102,187.41
12-36,5/1/1985,99,190.48
12-36,6/1/1985,102,193.55
12-36,7/1/1985,96,196.54
12-36,8/1/1985,71,198.74
12-36,9/1/1985,72,200.89
12-36,10/1/1985,69,203.05
12-36,11/1/1985,72,205.20
12-36,12/1/1985,69,207.35
12-36,1/1/1986,69,209.51
12-36,2/1/1986,99,212.27
12-36,3/1/1986,117,215.90
12-36,4/1/1986,126,219.69
12-36,5/1/1986,132,223.78
12-36,6/1/1986,106,226.97
12-36,7/1/1986,138,231.26
12-36,8/1/1986,93,234.14
12-36,9/1/1986,107,237.36
12-36,10/1/1986,120,241.08
12-36,11/1/1986,124,244.80
12-36,12/1/1986,99,247.85
12-36,1/1/1987,118,251.50
12-36,2/1/1987,128,255.08
12-36,3/1/1987,101,258.21
12-36,4/1/1987,103,261.29
12-36,5/1/1987,89,264.05
12-36,6/1/1987,93,266.84
12-36,7/1/1987,90,269.63
12-36,8/1/1987,90,272.42
12-36,9/1/1987,93,275.21
12-36,10/1/1987,72,277.44
12-36,11/1/1987,82,279.90
12-36,12/1/1987,65,281.91
12-36,1/1/1988,72,284.14
12-36,2/1/1988,85,286.60
12-36,3/1/1988,74,288.90
12-36,4/1/1988,61,290.75
12-36,5/1/1988,46,292.18
12-36,6/1/1988,42,293.43
12-36,7/1/1988,42,294.75
12-36,8/1/1988,38,295.93
12-36,9/1/1988,40,297.12
12-36,10/1/1988,24,297.87
12-36,11/1/1988,34,298.88
12-36,12/1/1988,33,299.90
12-36,1/1/1989,28,300.77
12-36,4/1/1989,29,301.65
12-36,5/1/1989,29,302.57
12-36,6/1/1989,27,303.37
12-36,7/1/1989,26,304.17
12-36,8/1/1989,26,304.98
12-36,9/1/1989,27,305.78
12-36,10/1/1989,21,306.42
12-36,11/1/1989,21,307.04
12-36,12/1/1989,23,307.75
12-36,1/1/1990,21,308.42
12-36,2/1/1990,17,308.91
12-36,3/1/1990,22,309.60
12-36,4/1/1990,21,310.23
12-36,5/1/1990,21,310.87
12-36,6/1/1990,21,311.51
12-36,7/1/1990,21,312.14
12-36,8/1/1990,21,312.78
12-36,9/1/1990,17,313.30
12-36,10/1/1990,16,313.79
12-36,11/1/1990,19,314.35
12-36,12/1/1990,16,314.86
12-36,1/1/1991,16,315.36
12-36,2/1/1991,18,315.86
12-36,3/1/1991,11,316.21
12-36,4/1/1991,12,316.56
12-36,5/1/1991,11,316.91
12-36,6/1/1991,11,317.24
12-36,7/1/1991,11,317.58
12-36,8/1/1991,11,317.91
12-36,9/1/1991,12,318.28
12-36,10/1/1991,12,318.64
12-36,11/1/1991,10,318.95
12-36,12/1/1991,10,319.25
12-36,1/1/1992,10,319.55
12-36,2/1/1992,9,319.81
12-36,3/1/1992,6,319.99
12-36,4/1/1992,6,320.18
12-36,5/1/1992,6,320.36
12-36,6/1/1992,6,320.54
13-02,4/1/1987,197,5.90
13-02,5/1/1987,432,19.28
13-02,6/1/1987,390,30.98
13-02,7/1/1987,422,44.06
13-02,8/1/1987,422,57.14
13-02,9/1/1987,531,73.08
13-02,10/1/1987,508,88.82
13-02,11/1/1987,525,104.56
13-02,12/1/1987,576,122.43
13-02,1/1/1988,602,141.08
13-02,2/1/1988,729,162.23
13-02,3/1/1988,1020,193.85
13-02,4/1/1988,1054,225.47
13-02,5/1/1988,1095,259.43
13-02,6/1/1988,1100,292.43
13-02,7/1/1988,926,321.12
13-02,8/1/1988,679,342.16
13-02,9/1/1988,631,361.09
13-02,10/1/1988,751,384.38
13-02,11/1/1988,927,412.20
13-02,12/1/1988,659,432.64
13-02,1/1/1989,906,460.73
13-02,2/1/1989,1024,489.39
13-02,3/1/1989,911,517.63
13-02,4/1/1989,912,544.98
13-02,5/1/1989,965,574.88
13-02,6/1/1989,945,603.24
13-02,7/1/1989,656,623.56
13-02,8/1/1989,656,643.91
13-02,9/1/1989,578,661.26
13-02,10/1/1989,560,678.60
13-02,11/1/1989,578,695.95
13-02,12/1/1989,560,713.29
13-02,1/1/1990,631,732.85
13-02,2/1/1990,523,747.48
13-02,3/1/1990,529,763.88
13-02,4/1/1990,518,779.41
13-02,5/1/1990,451,793.40
13-02,6/1/1990,499,808.37
13-02,7/1/1990,483,823.34
13-02,8/1/1990,454,837.42
13-02,9/1/1990,307,846.64
13-02,10/1/1990,325,856.70
13-02,11/1/1990,385,868.25
13-02,12/1/1990,374,879.85
13-02,1/1/1991,432,893.24
13-02,2/1/1991,432,905.34
13-02,3/1/1991,390,917.44
13-02,4/1/1991,261,925.28
13-02,5/1/1991,234,932.53
13-02,6/1/1991,242,939.78
13-02,7/1/1991,262,947.90
13-02,8/1/1991,225,954.88
13-02,9/1/1991,264,962.81
13-02,10/1/1991,258,970.80
13-02,11/1/1991,261,978.63
13-02,12/1/1991,306,988.13
13-02,1/1/1992,293,997.21
13-02,2/1/1992,305,1006.06
13-02,3/1/1992,290,1015.04
13-02,4/1/1992,284,1023.57
13-02,5/1/1992,284,1032.38
13-02,6/1/1992,247,1039.78
13-02,7/1/1992,292,1048.84
13-02,8/1/1992,294,1057.96
13-02,9/1/1992,279,1066.33
13-02,10/1/1992,272,1074.77
13-02,11/1/1992,281,1083.20
13-02,12/1/1992,251,1090.98
13-02,1/1/1993,259,1099.03
13-02,2/1/1993,268,1106.54
13-02,3/1/1993,281,1115.25
13-02,4/1/1993,259,1123.02
13-02,5/1/1993,256,1130.97
13-02,6/1/1993,262,1138.83
13-02,7/1/1993,241,1146.30
13-02,8/1/1993,246,1153.92
13-02,9/1/1993,260,1161.73
13-02,10/1/1993,243,1169.25
13-02,11/1/1993,233,1176.23
13-02,12/1/1993,240,1183.68
13-02,1/1/1994,238,1191.04
13-02,2/1/1994,266,1198.49
13-02,3/1/1994,245,1206.08
13-03,7/1/1980,21,0.66
13-03,8/1/1980,60,2.51
13-03,9/1/1980,55,4.16
13-03,10/1/1980,47,5.61
13-03,11/1/1980,44,6.92
13-03,12/1/1980,37,8.08
13-03,1/1/1981,36,9.18
13-03,2/1/1981,33,10.10
13-03,3/1/1981,23,10.82
13-03,4/1/1981,32,11.78
13-03,5/1/1981,32,12.78
13-03,6/1/1981,34,13.79
13-03,7/1/1981,32,14.79
13-03,8/1/1981,25,15.58
13-03,9/1/1981,26,16.37
13-03,11/1/1981,26,17.17
13-03,12/1/1981,26,17.96
13-03,1/1/1982,18,18.51
13-03,2/1/1982,20,19.07
13-03,3/1/1982,21,19.73
13-03,4/1/1982,22,20.39
13-03,5/1/1982,21,21.05
13-03,6/1/1982,22,21.72
13-03,7/1/1982,26,22.52
13-03,8/1/1982,24,23.26
13-03,9/1/1982,24,23.97
13-03,10/1/1982,22,24.65
13-03,11/1/1982,26,25.44
13-03,12/1/1982,25,26.22
13-03,1/1/1983,25,27.01
13-03,2/1/1983,29,27.81
13-03,3/1/1983,24,28.56
13-03,4/1/1983,25,29.30
13-03,5/1/1983,24,30.05
13-03,6/1/1983,16,30.53
13-03,7/1/1983,15,31.00
13-03,8/1/1983,15,31.48
13-03,9/1/1983,17,31.99
13-03,10/1/1983,17,32.53
13-03,11/1/1983,12,32.91
13-03,12/1/1983,12,33.28
13-03,8/1/1984,12,33.65
13-03,9/1/1984,17,34.16
13-03,10/1/1984,16,34.66
13-03,11/1/1984,17,35.16
13-03,12/1/1984,16,35.66
13-03,1/1/1985,16,36.16
13-03,3/1/1985,2,36.21
13-03,6/1/1985,4,36.34
13-03,7/1/1985,7,36.56
13-03,8/1/1985,7,36.79
13-03,9/1/1985,8,37.02
13-03,10/1/1985,7,37.25
13-03,11/1/1985,8,37.48
13-03,12/1/1985,7,37.70
13-03,1/1/1986,7,37.93
13-03,2/1/1986,8,38.16
13-03,3/1/1986,7,38.39
13-03,4/1/1986,8,38.62
13-03,5/1/1986,3,38.72
13-03,6/1/1986,4,38.83
13-03,7/1/1986,3,38.93
13-03,8/1/1986,4,39.06
13-03,9/1/1986,4,39.19
13-03,10/1/1986,8,39.45
13-03,11/1/1986,8,39.70
13-03,12/1/1986,8,39.96
13-03,1/1/1987,12,40.34
13-03,2/1/1987,11,40.63
13-03,3/1/1987,11,40.98
13-03,4/1/1987,10,41.27
13-03,5/1/1987,9,41.55
13-03,6/1/1987,8,41.79
13-03,7/1/1987,8,42.03
13-03,8/1/1987,8,42.26
13-03,9/1/1987,6,42.45
13-03,10/1/1987,9,42.73
13-03,11/1/1987,10,43.02
13-03,12/1/1987,9,43.31
13-03,1/1/1988,11,43.66
13-03,2/1/1988,10,43.94
13-03,3/1/1988,10,44.25
13-03,4/1/1988,7,44.46
13-03,5/1/1988,7,44.67
13-03,6/1/1988,7,44.87
13-03,7/1/1988,7,45.07
13-03,8/1/1988,7,45.27
13-03,9/1/1988,7,45.48
13-03,10/1/1988,5,45.62
13-03,11/1/1988,5,45.77
13-03,12/1/1988,5,45.92
13-03,1/1/1989,4,46.05
13-36,6/1/1982,159,4.76
13-36,7/1/1982,153,9.50
13-36,8/1/1982,135,13.67
13-36,9/1/1982,237,20.77
13-36,10/1/1982,228,27.84
13-36,11/1/1982,216,34.31
13-36,12/1/1982,209,40.78
13-36,1/1/1983,204,47.12
13-36,2/1/1983,250,54.12
13-36,3/1/1983,250,61.87
13-36,4/1/1983,212,68.25
13-36,5/1/1983,221,75.09
13-36,6/1/1983,286,83.68
13-36,7/1/1983,257,91.65
13-36,8/1/1983,289,100.59
13-36,9/1/1983,243,107.88
13-36,10/1/1983,301,117.22
13-36,11/1/1983,276,125.50
13-36,12/1/1983,260,133.57
13-36,1/1/1984,242,141.08
13-36,2/1/1984,256,148.49
13-36,3/1/1984,205,154.84
13-36,4/1/1984,208,161.10
13-36,5/1/1984,204,167.41
13-36,6/1/1984,206,173.58
13-36,7/1/1984,222,180.46
13-36,8/1/1984,222,187.34
13-36,9/1/1984,221,193.97
13-36,10/1/1984,221,200.82
13-36,11/1/1984,236,207.90
13-36,12/1/1984,215,214.55
13-36,1/1/1985,201,220.77
13-36,2/1/1985,222,226.99
13-36,3/1/1985,186,232.76
13-36,4/1/1985,200,238.75
13-36,5/1/1985,189,244.62
13-36,6/1/1985,186,250.22
13-36,7/1/1985,194,256.24
13-36,8/1/1985,186,262.00
13-36,9/1/1985,207,268.20
13-36,10/1/1985,189,274.05
13-36,11/1/1985,179,279.44
13-36,12/1/1985,177,284.94
13-36,1/1/1986,199,291.11
13-36,2/1/1986,189,296.41
13-36,3/1/1986,184,302.12
13-36,4/1/1986,148,306.55
13-36,5/1/1986,192,312.51
13-36,6/1/1986,181,317.94
13-36,7/1/1986,166,323.08
13-36,8/1/1986,158,327.99
13-36,9/1/1986,150,332.49
13-36,10/1/1986,170,337.76
13-36,11/1/1986,162,342.62
13-36,12/1/1986,148,347.22
13-36,1/1/1987,158,352.12
13-36,2/1/1987,136,355.91
13-36,3/1/1987,122,359.71
13-36,4/1/1987,161,364.54
13-36,5/1/1987,148,369.13
13-36,6/1/1987,145,373.49
13-36,7/1/1987,138,377.75
13-36,8/1/1987,133,381.88
13-36,9/1/1987,133,385.88
13-36,10/1/1987,139,390.20
13-36,11/1/1987,144,394.51
13-36,12/1/1987,137,398.75
13-36,1/1/1988,151,403.43
13-36,2/1/1988,138,407.42
13-36,3/1/1988,119,411.10
13-36,4/1/1988,139,415.28
13-36,5/1/1988,151,419.97
13-36,6/1/1988,149,424.44
13-36,7/1/1988,144,428.91
13-36,8/1/1988,134,433.07
13-36,9/1/1988,135,437.11
13-36,10/1/1988,133,441.24
13-36,11/1/1988,107,444.44
13-36,12/1/1988,123,448.24
13-36,1/1/1989,113,451.75
13-36,2/1/1989,120,455.12
13-36,3/1/1989,121,458.87
13-36,4/1/1989,108,462.11
13-36,5/1/1989,105,465.38
13-36,6/1/1989,97,468.29
13-36,7/1/1989,87,471.00
13-36,8/1/1989,100,474.09
13-36,9/1/1989,93,476.90
13-36,10/1/1989,84,479.51
13-36,11/1/1989,85,482.05
13-36,12/1/1989,81,484.56
13-36,1/1/1990,75,486.88
13-36,2/1/1990,80,489.13
13-36,3/1/1990,81,491.63
13-36,4/1/1990,73,493.83
13-36,5/1/1990,63,495.80
13-36,6/1/1990,62,497.65
13-36,7/1/1990,54,499.34
13-36,8/1/1990,54,501.00
13-36,9/1/1990,44,502.33
13-36,10/1/1990,52,503.95
13-36,11/1/1990,53,505.53
13-36,12/1/1990,41,506.82
13-36,1/1/1991,36,507.95
13-36,2/1/1991,40,509.08
13-36,3/1/1991,35,510.16
13-36,4/1/1991,34,511.18
13-36,5/1/1991,39,512.38
13-36,6/1/1991,34,513.40
13-36,7/1/1991,40,514.63
13-36,8/1/1991,32,515.63
13-36,9/1/1991,36,516.71
13-36,10/1/1991,34,517.76
13-36,11/1/1991,26,518.53
13-36,12/1/1991,23,519.25
13-36,1/1/1992,21,519.90
13-36,2/1/1992,18,520.43
13-36,3/1/1992,21,521.07
13-36,4/1/1992,18,521.60
13-36,5/1/1992,17,522.13
13-36,6/1/1992,18,522.66
13-36,7/1/1992,17,523.19
13-36,8/1/1992,17,523.72
13-36,9/1/1992,18,524.26
13-36,10/1/1992,17,524.79
13-36,11/1/1992,18,525.32
13-36,12/1/1992,17,525.85
13-36,3/1/1993,31,526.80
13-36,4/1/1993,45,528.14
13-36,5/1/1993,43,529.49
13-36,6/1/1993,45,530.83
13-36,7/1/1993,43,532.15
13-36,8/1/1993,43,533.47
13-36,9/1/1993,37,534.58
13-36,10/1/1993,34,535.63
13-36,11/1/1993,35,536.68
13-36,12/1/1993,35,537.77
13-36,1/1/1994,35,538.84
13-36,2/1/1994,38,539.90
13-36,3/1/1994,34,540.94
14-02,1/1/1979,307,9.52
14-02,2/1/1979,335,18.89
14-02,3/1/1979,296,28.07
14-02,4/1/1979,264,36.00
14-02,5/1/1979,256,43.93
14-02,6/1/1979,226,50.70
14-02,7/1/1979,276,59.26
14-02,8/1/1979,276,67.82
14-02,9/1/1979,206,74.01
14-02,10/1/1979,248,81.69
14-02,11/1/1979,215,88.15
14-02,12/1/1979,208,94.61
14-02,1/1/1980,208,101.07
14-02,2/1/1980,219,107.41
14-02,3/1/1980,204,113.74
14-02,4/1/1980,211,120.08
14-02,5/1/1980,204,126.42
14-02,6/1/1980,180,131.82
14-02,7/1/1980,174,137.22
14-02,8/1/1980,126,141.12
14-02,9/1/1980,151,145.65
14-02,10/1/1980,146,150.18
14-02,11/1/1980,151,154.71
14-02,12/1/1980,146,159.24
14-02,1/1/1981,146,163.77
14-02,3/1/1981,146,168.30
14-02,4/1/1981,151,172.83
14-02,5/1/1981,146,177.36
14-02,6/1/1981,151,181.89
14-02,7/1/1981,171,187.20
14-02,8/1/1981,113,190.70
14-02,9/1/1981,117,194.19
14-02,12/1/1981,113,197.69
14-02,1/1/1982,113,201.19
14-02,2/1/1982,125,204.69
14-02,3/1/1982,123,208.51
14-02,4/1/1982,128,212.34
14-02,5/1/1982,98,215.38
14-02,6/1/1982,90,218.07
14-02,7/1/1982,87,220.77
14-02,8/1/1982,82,223.32
14-02,10/1/1982,82,225.86
14-02,11/1/1982,85,228.40
14-02,12/1/1982,100,231.51
14-02,2/1/1983,111,234.62
14-02,4/1/1983,104,237.73
14-02,5/1/1983,105,240.98
14-02,6/1/1983,108,244.22
14-02,7/1/1983,125,248.09
14-02,8/1/1983,104,251.31
14-02,9/1/1983,88,253.94
14-02,10/1/1983,85,256.56
14-02,11/1/1983,88,259.19
14-02,12/1/1983,85,261.82
14-02,1/1/1984,85,264.45
14-02,2/1/1984,67,266.38
14-02,3/1/1984,62,268.32
14-02,4/1/1984,65,270.26
14-02,5/1/1984,54,271.92
14-02,7/1/1984,54,273.59
14-02,8/1/1984,54,275.26
14-02,1/1/1985,50,276.80
14-02,2/1/1985,55,278.34
14-02,3/1/1985,57,280.12
14-02,4/1/1985,50,281.61
14-02,5/1/1985,59,283.44
14-02,6/1/1985,61,285.28
14-02,7/1/1985,66,287.33
14-02,8/1/1985,66,289.38
14-02,9/1/1985,57,291.09
14-02,10/1/1985,54,292.75
14-02,11/1/1985,55,294.42
14-02,12/1/1985,54,296.08
14-02,1/1/1986,54,297.74
14-02,2/1/1986,59,299.41
14-02,3/1/1986,54,301.07
14-02,4/1/1986,55,302.73
14-02,5/1/1986,34,303.79
14-02,6/1/1986,35,304.85
14-02,7/1/1986,34,305.90
14-02,8/1/1986,34,306.96
14-02,9/1/1986,35,308.02
14-02,10/1/1986,34,309.07
14-02,2/1/1987,38,310.13
14-02,3/1/1987,34,311.19
14-02,4/1/1987,35,312.24
14-02,5/1/1987,34,313.30
14-02,6/1/1987,35,314.35
14-02,7/1/1987,42,315.65
14-02,8/1/1987,42,316.94
14-02,11/1/1987,43,318.23
14-02,12/1/1987,39,319.45
14-02,1/1/1988,39,320.67
14-02,2/1/1988,54,322.22
14-02,3/1/1988,48,323.72
14-02,4/1/1988,48,325.15
14-02,5/1/1988,44,326.53
14-02,6/1/1988,43,327.83
14-02,7/1/1988,33,328.84
14-02,8/1/1988,22,329.51
14-02,9/1/1988,18,330.06
14-02,10/1/1988,15,330.53
14-02,11/1/1988,14,330.94
14-02,12/1/1988,6,331.12
14-02,6/1/1993,221,337.76
14-02,7/1/1993,481,352.67
14-02,8/1/1993,436,366.20
14-02,9/1/1993,403,378.27
14-02,10/1/1993,357,389.35
14-02,11/1/1993,336,399.43
14-02,12/1/1993,315,409.20
14-02,1/1/1994,290,418.21
14-02,2/1/1994,306,426.76
14-02,3/1/1994,265,434.98
14-03,1/1/1982,84,2.60
14-03,2/1/1982,83,4.91
14-03,3/1/1982,97,7.92
14-03,4/1/1982,93,10.72
14-03,5/1/1982,71,12.92
14-03,6/1/1982,76,15.20
14-03,7/1/1982,91,18.02
14-03,8/1/1982,91,20.84
14-03,9/1/1982,83,23.32
14-03,10/1/1982,77,25.70
14-03,11/1/1982,85,28.25
14-03,12/1/1982,84,30.86
14-03,1/1/1983,83,33.44
14-03,2/1/1983,76,35.58
14-03,3/1/1983,69,37.72
14-03,4/1/1983,71,39.85
14-03,5/1/1983,69,41.99
14-03,6/1/1983,60,43.79
14-03,7/1/1983,58,45.58
14-03,8/1/1983,72,47.80
14-03,9/1/1983,74,50.03
14-03,10/1/1983,72,52.25
14-03,11/1/1983,74,54.47
14-03,3/1/1985,72,56.69
14-03,4/1/1985,74,58.91
14-03,5/1/1985,21,59.55
14-03,6/1/1985,22,60.21
14-03,7/1/1985,16,60.71
14-03,8/1/1985,16,61.21
14-03,9/1/1985,17,61.71
14-03,10/1/1985,16,62.21
14-03,10/1/1990,16,62.72
14-03,11/1/1990,17,63.22
14-03,12/1/1990,16,63.72
14-03,1/1/1991,16,64.22
14-03,2/1/1991,2,64.27
15-02,8/1/1979,46,1.42
15-02,9/1/1979,696,22.29
15-02,10/1/1979,652,42.52
15-02,11/1/1979,497,57.42
15-02,12/1/1979,583,75.48
15-02,1/1/1980,583,93.55
15-02,2/1/1980,676,113.15
15-02,3/1/1980,458,127.34
15-02,4/1/1980,486,141.91
15-02,5/1/1980,470,156.49
15-02,6/1/1980,486,171.06
15-02,7/1/1980,398,183.38
15-02,8/1/1980,365,194.71
15-02,9/1/1980,378,206.04
15-02,10/1/1980,333,216.36
15-02,11/1/1980,344,226.69
15-02,12/1/1980,301,236.01
15-02,1/1/1981,395,248.26
15-02,2/1/1981,343,257.86
15-02,3/1/1981,310,267.46
15-02,4/1/1981,385,279.01
15-02,5/1/1981,373,290.57
15-02,6/1/1981,371,301.70
15-02,7/1/1981,359,312.83
15-02,8/1/1981,330,323.08
15-02,9/1/1981,323,332.77
15-02,10/1/1981,313,342.46
15-02,11/1/1981,382,353.91
15-02,12/1/1981,403,366.39
15-02,1/1/1982,403,378.87
15-02,2/1/1982,440,391.20
15-02,3/1/1982,330,401.41
15-02,5/1/1982,243,408.96
15-02,6/1/1982,300,417.95
15-02,7/1/1982,231,425.12
15-02,8/1/1982,245,432.71
15-02,9/1/1982,257,440.42
15-02,10/1/1982,295,449.56
15-02,11/1/1982,401,461.61
15-02,12/1/1982,390,473.70
15-02,2/1/1983,319,482.63
15-02,4/1/1983,297,491.55
15-02,5/1/1983,414,504.39
15-02,6/1/1983,354,515.01
15-02,7/1/1983,367,526.40
15-02,8/1/1983,323,536.40
15-02,9/1/1983,291,545.13
15-02,10/1/1983,363,556.38
15-02,11/1/1983,370,567.47
15-02,12/1/1983,358,578.56
15-02,1/1/1984,345,589.26
15-02,2/1/1984,317,598.46
15-02,3/1/1984,297,607.66
15-02,4/1/1984,245,615.01
15-02,5/1/1984,213,621.61
15-02,6/1/1984,296,630.50
15-02,7/1/1984,220,637.31
15-02,8/1/1984,274,645.80
15-02,9/1/1984,291,654.55
15-02,10/1/1984,290,663.55
15-02,11/1/1984,344,673.87
15-02,12/1/1984,245,681.48
15-02,1/1/1985,305,690.94
15-02,2/1/1985,338,700.41
15-02,3/1/1985,316,710.22
15-02,4/1/1985,315,719.66
15-02,5/1/1985,320,729.58
15-02,6/1/1985,243,736.88
15-02,7/1/1985,292,745.93
15-02,8/1/1985,292,754.98
15-02,9/1/1985,369,766.06
15-02,10/1/1985,357,777.14
15-02,11/1/1985,235,784.18
15-02,12/1/1985,255,792.09
15-02,1/1/1986,281,800.80
15-02,2/1/1986,311,809.50
15-02,3/1/1986,240,816.94
15-02,4/1/1986,248,824.37
15-02,5/1/1986,240,831.81
15-02,6/1/1986,248,839.24
15-02,7/1/1986,240,846.68
15-02,8/1/1986,240,854.11
15-02,9/1/1986,248,861.54
15-02,10/1/1986,142,865.95
15-02,11/1/1986,184,871.47
15-02,12/1/1986,178,876.99
15-02,1/1/1987,140,881.34
15-02,2/1/1987,179,886.35
15-02,3/1/1987,162,891.36
15-02,4/1/1987,270,899.47
15-02,5/1/1987,261,907.57
15-02,6/1/1987,248,915.02
15-02,7/1/1987,240,922.48
15-02,8/1/1987,226,929.49
15-02,9/1/1987,217,936.00
15-02,10/1/1987,194,942.01
15-02,11/1/1987,190,947.71
15-02,12/1/1987,236,955.03
15-02,1/1/1988,224,961.98
15-02,2/1/1988,241,968.96
15-02,3/1/1988,211,975.50
15-02,4/1/1988,206,981.69
15-02,5/1/1988,194,987.69
15-02,6/1/1988,181,993.13
15-02,7/1/1988,180,998.71
15-02,8/1/1988,171,1004.00
15-02,9/1/1988,170,1009.09
15-02,10/1/1988,158,1013.97
15-02,11/1/1988,156,1018.66
15-02,12/1/1988,145,1023.15
15-02,1/1/1989,138,1027.44
15-02,4/1/1989,198,1033.37
15-02,5/1/1989,188,1039.20
15-02,6/1/1989,194,1045.03
15-02,7/1/1989,193,1051.01
15-02,8/1/1989,193,1056.98
15-02,9/1/1989,182,1062.43
15-02,10/1/1989,172,1067.77
15-02,11/1/1989,156,1072.47
15-02,12/1/1989,154,1077.23
15-02,1/1/1990,149,1081.84
15-02,2/1/1990,153,1086.14
15-02,3/1/1990,154,1090.92
15-02,4/1/1990,157,1095.62
15-02,5/1/1990,157,1100.50
15-02,6/1/1990,154,1105.11
15-02,7/1/1990,139,1109.43
15-02,8/1/1990,129,1113.43
15-02,9/1/1990,132,1117.40
15-02,10/1/1990,124,1121.26
15-02,11/1/1990,125,1125.02
15-02,12/1/1990,121,1128.79
15-02,1/1/1991,124,1132.64
15-02,2/1/1991,142,1136.62
15-02,3/1/1991,125,1140.49
15-02,4/1/1991,131,1144.43
15-02,5/1/1991,127,1148.37
15-02,6/1/1991,151,1152.90
15-02,7/1/1991,145,1157.40
15-02,8/1/1991,138,1161.69
15-02,9/1/1991,136,1165.76
15-02,10/1/1991,142,1170.15
15-02,11/1/1991,136,1174.23
15-02,12/1/1991,129,1178.23
15-02,1/1/1992,125,1182.11
15-02,2/1/1992,136,1186.04
15-02,3/1/1992,122,1189.84
15-02,4/1/1992,141,1194.08
15-02,5/1/1992,137,1198.32
15-02,6/1/1992,116,1201.80
15-02,7/1/1992,142,1206.19
15-02,8/1/1992,115,1209.77
15-02,9/1/1992,119,1213.33
15-02,10/1/1992,120,1217.04
15-02,11/1/1992,98,1219.98
15-02,12/1/1992,94,1222.89
15-02,1/1/1993,94,1225.80
15-02,2/1/1993,100,1228.61
15-02,3/1/1993,91,1231.42
15-02,4/1/1993,128,1235.26
15-02,5/1/1993,124,1239.11
15-02,6/1/1993,128,1242.96
15-02,7/1/1993,132,1247.04
15-02,8/1/1993,90,1249.82
15-02,9/1/1993,97,1252.74
15-02,10/1/1993,114,1256.28
15-02,11/1/1993,110,1259.59
15-02,12/1/1993,92,1262.44
15-02,1/1/1994,92,1265.29
15-02,2/1/1994,102,1268.14
15-02,3/1/1994,92,1270.99
15-03,2/1/1979,155,4.35
15-03,3/1/1979,272,12.78
15-03,4/1/1979,257,20.50
15-03,5/1/1979,239,27.90
15-03,6/1/1979,218,34.46
15-03,7/1/1979,207,40.87
15-03,8/1/1979,207,47.28
15-03,9/1/1979,212,53.64
15-03,10/1/1979,194,59.66
15-03,11/1/1979,199,65.63
15-03,12/1/1979,214,72.28
15-03,1/1/1980,185,78.00
15-03,2/1/1980,171,82.96
15-03,3/1/1980,186,88.71
15-03,4/1/1980,203,94.81
15-03,5/1/1980,200,101.01
15-03,6/1/1980,202,107.06
15-03,7/1/1980,177,112.55
15-03,8/1/1980,141,116.92
15-03,9/1/1980,146,121.30
15-03,10/1/1980,122,125.07
15-03,11/1/1980,189,130.74
15-03,12/1/1980,196,136.83
15-03,1/1/1981,203,143.13
15-03,2/1/1981,197,148.65
15-03,3/1/1981,195,154.70
15-03,4/1/1981,140,158.92
15-03,5/1/1981,176,164.37
15-03,6/1/1981,127,168.18
15-03,7/1/1981,123,171.99
15-03,8/1/1981,152,176.70
15-03,9/1/1981,156,181.37
15-03,10/1/1981,138,185.66
15-03,11/1/1981,184,191.18
15-03,12/1/1981,127,195.11
15-03,1/1/1982,175,200.54
15-03,2/1/1982,178,205.53
15-03,3/1/1982,158,210.44
15-03,4/1/1982,182,215.90
15-03,5/1/1982,109,219.27
15-03,6/1/1982,164,224.19
15-03,7/1/1982,159,229.11
15-03,8/1/1982,129,233.11
15-03,9/1/1982,133,237.11
15-03,10/1/1982,134,241.27
15-03,11/1/1982,139,245.43
15-03,12/1/1982,134,249.58
15-03,1/1/1983,119,253.28
15-03,2/1/1983,93,255.89
15-03,3/1/1983,112,259.36
15-03,4/1/1983,98,262.31
15-03,5/1/1983,117,265.94
15-03,6/1/1983,115,269.39
15-03,7/1/1983,121,273.13
15-03,8/1/1983,122,276.90
15-03,9/1/1983,103,279.98
15-03,10/1/1983,127,283.91
15-03,11/1/1983,127,287.74
15-03,12/1/1983,129,291.74
15-03,1/1/1984,119,295.42
15-03,2/1/1984,117,298.81
15-03,3/1/1984,103,301.99
15-03,4/1/1984,106,305.18
15-03,5/1/1984,103,308.39
15-03,6/1/1984,97,311.30
15-03,7/1/1984,76,313.67
15-03,8/1/1984,80,316.15
15-03,9/1/1984,109,319.42
15-03,10/1/1984,105,322.69
15-03,11/1/1984,107,325.90
15-03,12/1/1984,68,328.00
15-03,1/1/1985,81,330.51
15-03,2/1/1985,88,332.97
15-03,3/1/1985,78,335.39
15-03,4/1/1985,81,337.81
15-03,5/1/1985,90,340.59
15-03,6/1/1985,93,343.37
15-03,7/1/1985,90,346.15
15-03,8/1/1985,90,348.94
15-03,9/1/1985,93,351.72
15-03,10/1/1985,106,355.01
15-03,11/1/1985,111,358.33
15-03,12/1/1985,119,362.03
15-03,1/1/1986,114,365.56
15-03,2/1/1986,85,367.95
15-03,3/1/1986,117,371.59
15-03,4/1/1986,121,375.23
15-03,5/1/1986,83,377.81
15-03,6/1/1986,86,380.39
15-03,7/1/1986,83,382.97
15-03,8/1/1986,115,386.53
15-03,9/1/1986,119,390.09
15-03,10/1/1986,114,393.61
15-03,11/1/1986,117,397.13
15-03,12/1/1986,79,399.56
15-03,1/1/1987,87,402.27
15-03,2/1/1987,121,405.66
15-03,3/1/1987,104,408.89
15-03,4/1/1987,109,412.15
15-03,5/1/1987,105,415.41
15-03,6/1/1987,138,419.56
15-03,7/1/1987,122,423.33
15-03,8/1/1987,110,426.75
15-03,9/1/1987,103,429.84
15-03,10/1/1987,102,433.00
15-03,11/1/1987,93,435.81
15-03,12/1/1987,82,438.36
15-03,1/1/1988,82,440.90
15-03,2/1/1988,70,442.93
15-03,3/1/1988,82,445.48
15-03,4/1/1988,95,448.32
15-03,5/1/1988,94,451.24
15-03,6/1/1988,88,453.87
15-03,7/1/1988,82,456.42
15-03,8/1/1988,80,458.91
15-03,9/1/1988,63,460.79
15-03,10/1/1988,86,463.46
15-03,11/1/1988,83,465.96
15-03,12/1/1988,82,468.48
15-03,1/1/1989,84,471.10
15-03,2/1/1989,86,473.51
15-03,3/1/1989,92,476.37
15-03,4/1/1989,91,479.10
15-03,5/1/1989,91,481.92
15-03,6/1/1989,90,484.62
15-03,7/1/1989,89,487.37
15-03,8/1/1989,91,490.18
15-03,9/1/1989,83,492.68
15-03,10/1/1989,92,495.52
15-03,11/1/1989,89,498.18
15-03,12/1/1989,92,501.03
15-03,1/1/1990,82,503.56
15-03,2/1/1990,83,505.88
15-03,3/1/1990,80,508.36
15-03,4/1/1990,82,510.83
15-03,5/1/1990,71,513.03
15-03,6/1/1990,73,515.22
15-03,7/1/1990,61,517.12
15-03,8/1/1990,61,519.01
15-03,9/1/1990,63,520.90
15-03,10/1/1990,61,522.79
15-03,11/1/1990,79,525.17
15-03,12/1/1990,70,527.34
15-03,1/1/1991,83,529.92
15-03,2/1/1991,85,532.30
15-03,3/1/1991,87,534.99
15-03,4/1/1991,82,537.44
15-03,5/1/1991,84,540.06
15-03,6/1/1991,87,542.68
15-03,7/1/1991,81,545.19
15-03,8/1/1991,91,548.00
15-03,9/1/1991,78,550.35
15-03,10/1/1991,86,553.02
15-03,11/1/1991,86,555.59
15-03,12/1/1991,83,558.17
15-03,1/1/1992,86,560.83
15-03,2/1/1992,83,563.23
15-03,3/1/1992,82,565.78
15-03,4/1/1992,93,568.59
15-03,5/1/1992,81,571.10
15-03,6/1/1992,60,572.90
15-03,7/1/1992,76,575.26
15-03,8/1/1992,75,577.57
15-03,9/1/1992,76,579.85
15-03,10/1/1992,83,582.42
15-03,11/1/1992,70,584.51
15-03,12/1/1992,67,586.58
15-03,1/1/1993,64,588.56
15-03,2/1/1993,56,590.11
15-03,3/1/1993,63,592.07
15-03,4/1/1993,64,594.00
15-03,5/1/1993,65,596.01
15-03,6/1/1993,67,598.02
15-03,7/1/1993,70,600.18
15-03,8/1/1993,61,602.07
15-03,9/1/1993,61,603.89
15-03,10/1/1993,64,605.87
15-03,11/1/1993,61,607.69
15-03,12/1/1993,69,609.85
15-03,1/1/1994,69,612.00
15-03,2/1/1994,77,614.15
15-03,3/1/1994,69,616.31
15-04,11/1/1987,38,1.15
15-04,12/1/1987,110,4.56
15-04,1/1/1988,89,7.32
15-04,2/1/1988,94,10.03
15-04,3/1/1988,88,12.74
15-04,4/1/1988,101,15.76
15-04,5/1/1988,97,18.78
15-04,6/1/1988,81,21.21
15-04,7/1/1988,90,24.01
15-04,8/1/1988,91,26.81
15-04,9/1/1988,86,29.38
15-04,10/1/1988,78,31.79
15-04,11/1/1988,71,33.93
15-04,12/1/1988,67,36.00
15-04,1/1/1989,63,37.94
15-04,2/1/1989,71,39.94
15-04,3/1/1989,73,42.20
15-04,4/1/1989,64,44.13
15-04,5/1/1989,44,45.48
15-04,6/1/1989,71,47.63
15-04,7/1/1989,63,49.58
15-04,8/1/1989,56,51.32
15-04,9/1/1989,52,52.89
15-04,10/1/1989,52,54.51
15-04,11/1/1989,47,55.91
15-04,12/1/1989,42,57.19
15-04,1/1/1990,45,58.57
15-04,2/1/1990,42,59.75
15-04,3/1/1990,43,61.08
15-04,4/1/1990,38,62.22
15-04,5/1/1990,37,63.37
15-04,6/1/1990,43,64.66
15-04,7/1/1990,41,65.94
15-04,8/1/1990,45,67.34
15-04,9/1/1990,45,68.68
15-04,10/1/1990,43,70.02
15-04,11/1/1990,39,71.18
15-04,12/1/1990,28,72.06
15-04,1/1/1991,39,73.28
15-04,2/1/1991,38,74.34
15-04,3/1/1991,37,75.48
15-04,4/1/1991,40,76.68
15-04,5/1/1991,35,77.76
15-04,6/1/1991,32,78.73
15-04,7/1/1991,31,79.69
15-04,8/1/1991,22,80.38
15-04,9/1/1991,23,81.06
15-04,10/1/1991,22,81.75
15-04,11/1/1991,15,82.20
15-04,5/1/1993,22,82.89
15-04,6/1/1993,9,83.14
15-04,7/1/1993,10,83.44
15-04,8/1/1993,10,83.74
15-04,9/1/1993,10,84.03
15-04,10/1/1993,10,84.33
15-04,11/1/1993,10,84.63
15-04,12/1/1993,10,84.92
15-04,1/1/1994,10,85.22
15-04,2/1/1994,12,85.56
15-04,3/1/1994,11,85.90
16-03,1/1/1991,137,4.23
16-03,2/1/1991,222,10.46
16-03,3/1/1991,218,17.20
16-03,4/1/1991,132,21.15
16-03,5/1/1991,119,24.83
16-03,6/1/1991,117,28.33
16-03,7/1/1991,110,31.73
16-03,8/1/1991,104,34.96
16-03,9/1/1991,107,38.18
16-03,10/1/1991,167,43.36
16-03,11/1/1991,173,48.53
16-03,12/1/1991,130,52.58
16-03,1/1/1992,141,56.96
16-03,2/1/1992,149,61.27
16-03,3/1/1992,135,65.46
16-03,4/1/1992,127,69.27
16-03,5/1/1992,89,72.02
16-03,6/1/1992,113,75.42
16-03,7/1/1992,110,78.81
16-03,8/1/1992,107,82.12
16-03,9/1/1992,106,85.30
16-03,10/1/1992,108,88.66
16-03,11/1/1992,117,92.18
16-03,12/1/1992,114,95.70
16-03,1/1/1993,114,99.22
16-03,2/1/1993,126,102.73
16-03,3/1/1993,92,105.58
16-03,4/1/1993,105,108.73
16-03,5/1/1993,101,111.87
16-03,6/1/1993,102,114.94
16-03,7/1/1993,99,118.00
16-03,8/1/1993,92,120.85
16-03,9/1/1993,98,123.79
16-03,10/1/1993,74,126.10
16-03,11/1/1993,111,129.41
16-03,12/1/1993,107,132.73
16-03,1/1/1994,87,135.43
16-03,2/1/1994,93,138.03
16-03,3/1/1994,104,141.24
16-04,2/1/1981,121,3.38
16-04,3/1/1981,119,7.08
16-04,4/1/1981,126,10.86
16-04,5/1/1981,112,14.34
16-04,6/1/1981,79,16.71
16-04,7/1/1981,77,19.08
16-04,8/1/1981,70,21.25
16-04,9/1/1981,72,23.42
16-04,10/1/1981,79,25.88
16-04,11/1/1981,82,28.33
16-04,12/1/1981,79,30.79
16-04,1/1/1982,84,33.38
16-04,2/1/1982,93,35.98
16-04,3/1/1982,88,38.70
16-04,4/1/1982,91,41.42
16-04,5/1/1982,78,43.84
16-04,6/1/1982,87,46.46
16-04,7/1/1982,95,49.41
16-04,8/1/1982,85,52.03
16-04,9/1/1982,99,55.02
16-04,10/1/1982,83,57.60
16-04,11/1/1982,79,59.97
16-04,12/1/1982,78,62.39
16-04,1/1/1983,51,63.97
16-04,2/1/1983,67,65.84
16-04,3/1/1983,51,67.42
16-04,4/1/1983,44,68.72
16-04,5/1/1983,54,70.41
16-04,6/1/1983,56,72.08
16-04,7/1/1983,62,74.02
16-04,8/1/1983,62,75.95
16-04,9/1/1983,53,77.53
16-04,10/1/1983,40,78.76
16-04,11/1/1983,41,79.99
16-04,12/1/1983,40,81.22
16-04,1/1/1984,40,82.45
16-04,2/1/1984,42,83.68
16-04,3/1/1984,38,84.86
16-04,4/1/1984,39,86.04
16-04,5/1/1984,38,87.21
16-04,6/1/1984,39,88.39
16-04,7/1/1984,38,89.57
16-04,8/1/1984,57,91.32
16-04,9/1/1984,41,92.56
16-04,10/1/1984,56,94.30
16-04,11/1/1984,61,96.13
16-04,12/1/1984,57,97.90
16-04,1/1/1985,53,99.53
16-04,2/1/1985,40,100.66
16-04,3/1/1985,37,101.81
16-04,4/1/1985,35,102.86
16-04,5/1/1985,34,103.91
16-04,6/1/1985,45,105.25
16-04,7/1/1985,43,106.59
16-04,8/1/1985,35,107.67
16-04,9/1/1985,31,108.60
16-04,10/1/1985,37,109.75
16-04,11/1/1985,37,110.85
16-04,12/1/1985,35,111.95
16-04,1/1/1986,35,113.05
16-04,2/1/1986,39,114.15
16-04,3/1/1986,35,115.25
16-04,4/1/1986,37,116.35
16-04,5/1/1986,36,117.46
16-04,6/1/1986,37,118.56
16-04,7/1/1986,36,119.67
16-04,8/1/1986,48,121.15
16-04,9/1/1986,37,122.26
16-04,10/1/1986,50,123.80
16-04,11/1/1986,38,124.93
16-04,12/1/1986,42,126.23
16-04,1/1/1987,46,127.68
16-04,2/1/1987,51,129.12
16-04,3/1/1987,45,130.51
16-04,4/1/1987,46,131.89
16-04,5/1/1987,45,133.28
16-04,6/1/1987,46,134.67
16-04,7/1/1987,45,136.06
16-04,8/1/1987,32,137.06
16-04,9/1/1987,44,138.38
16-04,10/1/1987,42,139.69
16-04,11/1/1987,45,141.04
16-04,12/1/1987,41,142.31
16-04,1/1/1988,30,143.25
16-04,6/1/1988,41,144.49
16-04,7/1/1988,40,145.75
16-04,8/1/1988,40,147.00
16-04,9/1/1988,30,147.91
16-04,11/1/1988,30,148.82
16-04,12/1/1988,41,150.08
16-04,1/1/1989,41,151.34
16-04,2/1/1989,37,152.36
16-04,3/1/1989,40,153.61
16-04,4/1/1989,43,154.90
16-04,5/1/1989,42,156.19
16-04,6/1/1989,43,157.48
16-04,7/1/1989,39,158.69
16-04,8/1/1989,31,159.66
16-04,9/1/1989,36,160.75
16-04,10/1/1989,36,161.85
16-04,11/1/1989,36,162.94
16-04,12/1/1989,37,164.08
16-04,1/1/1990,34,165.12
16-04,2/1/1990,41,166.28
16-04,3/1/1990,37,167.42
16-04,4/1/1990,28,168.25
16-04,5/1/1990,27,169.08
16-04,6/1/1990,39,170.26
16-04,7/1/1990,38,171.44
16-04,8/1/1990,28,172.31
16-04,9/1/1990,29,173.18
16-04,10/1/1990,28,174.05
16-04,11/1/1990,29,174.92
16-04,12/1/1990,28,175.79
16-04,1/1/1991,28,176.66
16-04,2/1/1991,25,177.36
16-04,3/1/1991,26,178.15
16-04,4/1/1991,26,178.94
16-04,5/1/1991,21,179.60
16-04,6/1/1991,22,180.25
16-04,7/1/1991,17,180.77
16-04,8/1/1991,17,181.29
16-04,9/1/1991,23,181.98
16-04,10/1/1991,16,182.46
16-04,11/1/1991,24,183.18
16-04,12/1/1991,23,183.90
16-04,1/1/1992,19,184.49
16-04,2/1/1992,15,184.92
16-04,3/1/1992,14,185.34
16-04,4/1/1992,14,185.77
16-04,5/1/1992,11,186.12
16-04,6/1/1992,12,186.47
16-04,7/1/1992,11,186.82
16-04,8/1/1992,17,187.35
16-04,9/1/1992,22,187.99
16-04,10/1/1992,16,188.49
16-04,11/1/1992,16,188.98
16-04,12/1/1992,16,189.47
16-04,1/1/1993,16,189.96
16-04,2/1/1993,18,190.46
16-04,9/1/1993,23,191.16
16-04,10/1/1993,23,191.86
16-04,11/1/1993,19,192.44
16-04,12/1/1993,15,192.91
16-04,1/1/1994,15,193.39
16-04,2/1/1994,13,193.76
16-04,3/1/1994,9,194.04
16-35,1/1/1982,70,2.17
16-35,2/1/1982,71,4.15
16-35,3/1/1982,87,6.84
16-35,4/1/1982,88,9.49
16-35,5/1/1982,73,11.76
16-35,6/1/1982,87,14.38
16-35,7/1/1982,80,16.85
16-35,8/1/1982,80,19.35
16-35,9/1/1982,81,21.78
16-35,10/1/1982,72,24.01
16-35,11/1/1982,82,26.46
16-35,12/1/1982,83,29.02
16-35,1/1/1983,79,31.46
16-35,2/1/1983,72,33.47
16-35,3/1/1983,74,35.76
16-35,4/1/1983,51,37.31
16-35,5/1/1983,67,39.37
16-35,6/1/1983,51,40.89
16-35,7/1/1983,51,42.48
16-35,8/1/1983,51,44.07
16-35,9/1/1983,56,45.74
16-35,10/1/1983,57,47.49
16-35,11/1/1983,57,49.21
16-35,12/1/1983,55,50.92
16-35,1/1/1984,54,52.60
16-35,2/1/1984,70,54.62
16-35,3/1/1984,59,56.43
16-35,4/1/1984,46,57.81
16-35,5/1/1984,36,58.93
16-35,6/1/1984,48,60.38
16-35,7/1/1984,47,61.83
16-35,8/1/1984,37,62.98
16-35,9/1/1984,49,64.45
16-35,10/1/1984,41,65.71
16-35,11/1/1984,47,67.12
16-35,12/1/1984,46,68.54
16-35,7/1/1985,43,69.88
16-35,8/1/1985,43,71.22
16-35,9/1/1985,25,71.98
16-35,10/1/1985,11,72.31
16-35,11/1/1985,20,72.92
16-35,12/1/1985,18,73.47
16-35,1/1/1986,11,73.82
16-35,2/1/1986,12,74.16
16-35,3/1/1986,9,74.45
16-35,4/1/1986,5,74.60
